"id","companyId","name","size","url","createdAt","updatedDate","mediaSize","mediaType"
"e0165c11-889a-444b-9108-48d623adeefc","26df08fa-290d-47ff-b067-9503e8652925","WhatsApp Image 2022-07-05 at 10","{""size"": 23982, ""width"": 600, ""height"": 281}","{""defaultUrl"":""https://testback.invopos.co/v1/app/Media/getMedia/26df08fa-290d-47ff-b067-9503e8652925/e0165c11-889a-444b-9108-48d623adeefc.jpeg""}","2023-07-19 13:10:38.951",NULL,"23982","{""fileType"": ""image"", ""extension"": ""jpeg""}"
"30ab92df-9120-436f-b804-23023cc81b0c","26df08fa-290d-47ff-b067-9503e8652925","WhatsApp Image 2022-07-05 at 10Copy-1","{""size"": 27336, ""width"": 600, ""height"": 600}","{""defaultUrl"":""https://testback.invopos.co/v1/app/Media/getMedia/26df08fa-290d-47ff-b067-9503e8652925/30ab92df-9120-436f-b804-23023cc81b0c.jpeg""}","2023-07-19 13:11:05.921",NULL,"27336","{""fileType"": ""image"", ""extension"": ""jpeg""}"
"446b1b79-c943-4b1c-9cbd-ab2c9f11bda3","26df08fa-290d-47ff-b067-9503e8652925","WhatsApp Image 2023-07-20 at 11","{""size"": 23783, ""width"": 600, ""height"": 600}","{""defaultUrl"":""https://testback.invopos.co/v1/app/Media/getMedia/26df08fa-290d-47ff-b067-9503e8652925/446b1b79-c943-4b1c-9cbd-ab2c9f11bda3.jpeg""}","2023-07-20 08:31:11.234",NULL,"23783","{""fileType"": ""image"", ""extension"": ""jpeg""}"
"935e8f94-a6a4-4f83-b16b-cf346a9a6a5f","26df08fa-290d-47ff-b067-9503e8652925","Tuna Canned","{""size"": 146213, ""width"": 400, ""height"": 400}","{""defaultUrl"":""https://testback.invopos.co/v1/app/Media/getMedia/26df08fa-290d-47ff-b067-9503e8652925/935e8f94-a6a4-4f83-b16b-cf346a9a6a5f.jpeg""}","2023-07-20 10:04:18.816",NULL,"146213","{""fileType"": ""image"", ""extension"": ""jpeg""}"
"431257a9-7c95-40dd-bd2d-1aba42af5995","26df08fa-290d-47ff-b067-9503e8652925","132369-01","{""size"": 14881, ""width"": 96, ""height"": 96}","{""defaultUrl"":""https://testback.invopos.co/v1/app/Media/getMedia/26df08fa-290d-47ff-b067-9503e8652925/431257a9-7c95-40dd-bd2d-1aba42af5995.avif""}","2023-07-20 10:14:34.986",NULL,"14881","{""fileType"": ""image"", ""extension"": ""avif""}"
"2f02b3f8-4209-4a89-b939-5bc49b4ed7be","26df08fa-290d-47ff-b067-9503e8652925","617950142195","{""size"": 179175, ""width"": 600, ""height"": 600}","{""defaultUrl"":""https://testback.invopos.co/v1/app/Media/getMedia/26df08fa-290d-47ff-b067-9503e8652925/2f02b3f8-4209-4a89-b939-5bc49b4ed7be.jpeg""}","2023-07-20 10:16:11.215",NULL,"179175","{""fileType"": ""image"", ""extension"": ""jpeg""}"
"75942cce-3e57-4e53-a9c2-91cf753bbb8d","26df08fa-290d-47ff-b067-9503e8652925","617950142195Copy-1","{""size"": 179175, ""width"": 600, ""height"": 600}","{""defaultUrl"":""https://testback.invopos.co/v1/app/Media/getMedia/26df08fa-290d-47ff-b067-9503e8652925/75942cce-3e57-4e53-a9c2-91cf753bbb8d.jpeg""}","2023-07-20 10:26:05.297",NULL,"179175","{""fileType"": ""image"", ""extension"": ""jpeg""}"
"5a6f8804-68d4-46c4-9d5e-cba4fc93248d","26df08fa-290d-47ff-b067-9503e8652925","crispy-chicken-burger","{""size"": 311566, ""width"": 497, ""height"": 600}","{""defaultUrl"":""https://testback.invopos.co/v1/app/Media/getMedia/26df08fa-290d-47ff-b067-9503e8652925/5a6f8804-68d4-46c4-9d5e-cba4fc93248d.webp""}","2023-07-20 11:08:38.843",NULL,"311566","{""fileType"": ""image"", ""extension"": ""webp""}"
"898d1a6e-bb20-40df-8b6b-9c467fd9a8bf","26df08fa-290d-47ff-b067-9503e8652925","Burger-and-Fries","{""size"": 180389, ""width"": 600, ""height"": 400}","{""defaultUrl"":""https://testback.invopos.co/v1/app/Media/getMedia/26df08fa-290d-47ff-b067-9503e8652925/898d1a6e-bb20-40df-8b6b-9c467fd9a8bf.jpeg""}","2023-08-08 07:11:10.573",NULL,"180389","{""fileType"": ""image"", ""extension"": ""jpeg""}"
"5b0deb56-b12d-4358-a4f0-c2e60dd98443","26df08fa-290d-47ff-b067-9503e8652925","wpid-“Basic”-Means-Better-at-Basic-Burger","{""size"": 25827, ""width"": 600, ""height"": 498}","{""defaultUrl"":""https://testback.invopos.co/v1/app/Media/getMedia/26df08fa-290d-47ff-b067-9503e8652925/5b0deb56-b12d-4358-a4f0-c2e60dd98443.jpeg""}","2023-08-08 07:12:55.509",NULL,"25827","{""fileType"": ""image"", ""extension"": ""jpeg""}"
"e3462b17-9274-4de3-b0a0-592de4519801","26df08fa-290d-47ff-b067-9503e8652925","maxresdefault","{""size"": 228654, ""width"": 600, ""height"": 337}","{""defaultUrl"":""https://testback.invopos.co/v1/app/Media/getMedia/26df08fa-290d-47ff-b067-9503e8652925/e3462b17-9274-4de3-b0a0-592de4519801.jpeg""}","2023-08-08 08:42:07.246",NULL,"228654","{""fileType"": ""image"", ""extension"": ""jpeg""}"
"79d532db-ccd6-4813-aa51-58211ca9543a","26df08fa-290d-47ff-b067-9503e8652925","International-Burger-Day","{""size"": 329194, ""width"": 600, ""height"": 600}","{""defaultUrl"":""https://testback.invopos.co/v1/app/Media/getMedia/26df08fa-290d-47ff-b067-9503e8652925/79d532db-ccd6-4813-aa51-58211ca9543a.webp""}","2023-08-08 08:43:17.268",NULL,"329194","{""fileType"": ""image"", ""extension"": ""webp""}"
"90f22682-1ffe-4d7d-a0b7-042ad222de11","26df08fa-290d-47ff-b067-9503e8652925","Ultimate-Veggie-Burgers-FT-Recipe-0821-5d7532c53a924a7298d2175cf1d4219f","{""size"": 286172, ""width"": 600, ""height"": 400}","{""defaultUrl"":""https://testback.invopos.co/v1/app/Media/getMedia/26df08fa-290d-47ff-b067-9503e8652925/90f22682-1ffe-4d7d-a0b7-042ad222de11.jpeg""}","2023-08-08 08:45:20.037",NULL,"286172","{""fileType"": ""image"", ""extension"": ""jpeg""}"
"797acbba-8654-445f-a2ff-c6bd1af1d919","26df08fa-290d-47ff-b067-9503e8652925","Crispy-Chicken-BurgerCopy-1","{""size"": 240323, ""width"": 600, ""height"": 600}","{""defaultUrl"":""https://testback.invopos.co/v1/app/Media/getMedia/26df08fa-290d-47ff-b067-9503e8652925/797acbba-8654-445f-a2ff-c6bd1af1d919.jpeg""}","2023-08-08 08:47:16.35",NULL,"240323","{""fileType"": ""image"", ""extension"": ""jpeg""}"
"ee008456-8566-4e21-a1d0-64488a6fe792","26df08fa-290d-47ff-b067-9503e8652925","20230120213218-capture","{""size"": 356204, ""width"": 600, ""height"": 600}","{""defaultUrl"":""https://testback.invopos.co/v1/app/Media/getMedia/26df08fa-290d-47ff-b067-9503e8652925/ee008456-8566-4e21-a1d0-64488a6fe792.webp""}","2023-08-08 09:11:00.642",NULL,"356204","{""fileType"": ""image"", ""extension"": ""webp""}"
"06e94092-d48b-444a-a50a-0d693542e989","26df08fa-290d-47ff-b067-9503e8652925","Chicken-Philly-Recipe-2-750x1125","{""size"": 305161, ""width"": 400, ""height"": 600}","{""defaultUrl"":""https://testback.invopos.co/v1/app/Media/getMedia/26df08fa-290d-47ff-b067-9503e8652925/06e94092-d48b-444a-a50a-0d693542e989.jpeg""}","2023-08-08 09:20:05.022",NULL,"305161","{""fileType"": ""image"", ""extension"": ""jpeg""}"
"62f4c65f-d314-4471-8669-698b11c4dc01","26df08fa-290d-47ff-b067-9503e8652925","ricotta-and-grilled-tandoori-chicken-sandwich","{""size"": 213241, ""width"": 600, ""height"": 400}","{""defaultUrl"":""https://testback.invopos.co/v1/app/Media/getMedia/26df08fa-290d-47ff-b067-9503e8652925/62f4c65f-d314-4471-8669-698b11c4dc01.jpeg""}","2023-08-08 09:27:42.796",NULL,"213241","{""fileType"": ""image"", ""extension"": ""jpeg""}"
"2b66a8b1-ef36-4667-96ae-5d86be81ddf2","26df08fa-290d-47ff-b067-9503e8652925","Homemade-Mozzarella-Sticks-9","{""size"": 550899, ""width"": 600, ""height"": 600}","{""defaultUrl"":""https://testback.invopos.co/v1/app/Media/getMedia/26df08fa-290d-47ff-b067-9503e8652925/2b66a8b1-ef36-4667-96ae-5d86be81ddf2.jpeg""}","2023-08-08 09:54:44.718",NULL,"550899","{""fileType"": ""image"", ""extension"": ""jpeg""}"
"1deb95f2-b2e4-494f-821f-9ec0a3dfbc5f","26df08fa-290d-47ff-b067-9503e8652925","fried-mashed-potato-balls-recipe-photo-tablefortwoblog-5-scaled","{""size"": 381382, ""width"": 400, ""height"": 600}","{""defaultUrl"":""https://testback.invopos.co/v1/app/Media/getMedia/26df08fa-290d-47ff-b067-9503e8652925/1deb95f2-b2e4-494f-821f-9ec0a3dfbc5f.jpeg""}","2023-08-08 09:55:43.143",NULL,"381382","{""fileType"": ""image"", ""extension"": ""jpeg""}"
"0b3ca7c0-3f3c-4b60-a2ad-13f39d749978","26df08fa-290d-47ff-b067-9503e8652925","onion-rings-2","{""size"": 347893, ""width"": 400, ""height"": 600}","{""defaultUrl"":""https://testback.invopos.co/v1/app/Media/getMedia/26df08fa-290d-47ff-b067-9503e8652925/0b3ca7c0-3f3c-4b60-a2ad-13f39d749978.jpeg""}","2023-08-08 10:00:06.407",NULL,"347893","{""fileType"": ""image"", ""extension"": ""jpeg""}"
"318ad287-a6c8-41e1-aee4-13f416ed6d12","26df08fa-290d-47ff-b067-9503e8652925","maxresdefaultCopy-1","{""size"": 229182, ""width"": 600, ""height"": 337}","{""defaultUrl"":""https://testback.invopos.co/v1/app/Media/getMedia/26df08fa-290d-47ff-b067-9503e8652925/318ad287-a6c8-41e1-aee4-13f416ed6d12.jpeg""}","2023-08-08 10:10:16.605",NULL,"229182","{""fileType"": ""image"", ""extension"": ""jpeg""}"
"c011158f-2ca1-4282-9c01-00720bfa1d4e","26df08fa-290d-47ff-b067-9503e8652925","Chinese-Spring-Rolls-4FEAT-500x500","{""size"": 194880, ""width"": 500, ""height"": 500}","{""defaultUrl"":""https://testback.invopos.co/v1/app/Media/getMedia/26df08fa-290d-47ff-b067-9503e8652925/c011158f-2ca1-4282-9c01-00720bfa1d4e.jpeg""}","2023-08-08 10:11:54.371",NULL,"194880","{""fileType"": ""image"", ""extension"": ""jpeg""}"
"2966460b-c53e-4d20-aff9-1a61c15e1d40","26df08fa-290d-47ff-b067-9503e8652925","vegan-stuffed-grape-leaves-portion-800x1200","{""size"": 249681, ""width"": 400, ""height"": 600}","{""defaultUrl"":""https://testback.invopos.co/v1/app/Media/getMedia/26df08fa-290d-47ff-b067-9503e8652925/2966460b-c53e-4d20-aff9-1a61c15e1d40.jpeg""}","2023-08-08 10:13:53.637",NULL,"249681","{""fileType"": ""image"", ""extension"": ""jpeg""}"
"29a370d2-0c25-48c3-89ad-51181c471378","26df08fa-290d-47ff-b067-9503e8652925","fc9bfa05-3355-4a4b-a97f-675becdc0f48","{""size"": 183620, ""width"": 600, ""height"": 312}","{""defaultUrl"":""https://testback.invopos.co/v1/app/Media/getMedia/26df08fa-290d-47ff-b067-9503e8652925/29a370d2-0c25-48c3-89ad-51181c471378.jpeg""}","2023-08-08 10:58:04.941",NULL,"183620","{""fileType"": ""image"", ""extension"": ""jpeg""}"
"4cfece73-1501-4636-a931-513455407309","26df08fa-290d-47ff-b067-9503e8652925","32604506486_274fbf5fd5_z","{""size"": 383393, ""width"": 476, ""height"": 600}","{""defaultUrl"":""https://testback.invopos.co/v1/app/Media/getMedia/26df08fa-290d-47ff-b067-9503e8652925/4cfece73-1501-4636-a931-513455407309.jpeg""}","2023-08-08 11:05:31.28",NULL,"383393","{""fileType"": ""image"", ""extension"": ""jpeg""}"
"69fc65d0-9984-491f-8efe-9ff020720b66","26df08fa-290d-47ff-b067-9503e8652925","best-chicken-quesadilla","{""size"": 351094, ""width"": 460, ""height"": 600}","{""defaultUrl"":""https://testback.invopos.co/v1/app/Media/getMedia/26df08fa-290d-47ff-b067-9503e8652925/69fc65d0-9984-491f-8efe-9ff020720b66.jpeg""}","2023-08-08 11:05:55.555",NULL,"351094","{""fileType"": ""image"", ""extension"": ""jpeg""}"
"930fa3cf-9023-480a-965a-1437ac5634ed","26df08fa-290d-47ff-b067-9503e8652925","120208","{""size"": 302764, ""width"": 400, ""height"": 600}","{""defaultUrl"":""https://testback.invopos.co/v1/app/Media/getMedia/26df08fa-290d-47ff-b067-9503e8652925/930fa3cf-9023-480a-965a-1437ac5634ed.jpeg""}","2023-08-08 12:18:25.847",NULL,"302764","{""fileType"": ""image"", ""extension"": ""jpeg""}"
"cbf946f3-ba1e-4a08-aacf-4d6d55b61e2d","26df08fa-290d-47ff-b067-9503e8652925","Hawaiian-Tequila-Chicken-Salad-With-Pineapple-Vinaigrette-1","{""size"": 332252, ""width"": 400, ""height"": 600}","{""defaultUrl"":""https://testback.invopos.co/v1/app/Media/getMedia/26df08fa-290d-47ff-b067-9503e8652925/cbf946f3-ba1e-4a08-aacf-4d6d55b61e2d.jpeg""}","2023-08-08 12:21:49.008",NULL,"332252","{""fileType"": ""image"", ""extension"": ""jpeg""}"
"e3e31159-26a6-4bcf-a6a5-5ae2a135b90a","26df08fa-290d-47ff-b067-9503e8652925","Chicken-Wings-Recipe-Card","{""size"": 176981, ""width"": 600, ""height"": 337}","{""defaultUrl"":""https://testback.invopos.co/v1/app/Media/getMedia/26df08fa-290d-47ff-b067-9503e8652925/e3e31159-26a6-4bcf-a6a5-5ae2a135b90a.jpeg""}","2023-08-08 12:25:41.919",NULL,"176981","{""fileType"": ""image"", ""extension"": ""jpeg""}"
"50d61b09-d991-4098-99d5-8a545037642f","26df08fa-290d-47ff-b067-9503e8652925","Garlic-Bread-4","{""size"": 441800, ""width"": 400, ""height"": 600}","{""defaultUrl"":""https://testback.invopos.co/v1/app/Media/getMedia/26df08fa-290d-47ff-b067-9503e8652925/50d61b09-d991-4098-99d5-8a545037642f.webp""}","2023-08-08 12:31:36.731",NULL,"441800","{""fileType"": ""image"", ""extension"": ""webp""}"
"8822437d-398d-42c5-8e10-544843a7e0ee","26df08fa-290d-47ff-b067-9503e8652925","air-fryer-spicy-french-fries_-2","{""size"": 296777, ""width"": 400, ""height"": 600}","{""defaultUrl"":""https://testback.invopos.co/v1/app/Media/getMedia/26df08fa-290d-47ff-b067-9503e8652925/8822437d-398d-42c5-8e10-544843a7e0ee.jpeg""}","2023-08-08 12:33:30.364",NULL,"296777","{""fileType"": ""image"", ""extension"": ""jpeg""}"
"7f67656b-96cf-416e-ba20-9ac4141bc54d","26df08fa-290d-47ff-b067-9503e8652925","crunchy-thai-peanut-quinoa-salad-recipe-4","{""size"": 317874, ""width"": 400, ""height"": 600}","{""defaultUrl"":""https://testback.invopos.co/v1/app/Media/getMedia/26df08fa-290d-47ff-b067-9503e8652925/7f67656b-96cf-416e-ba20-9ac4141bc54d.webp""}","2023-08-08 12:42:42.323",NULL,"317874","{""fileType"": ""image"", ""extension"": ""webp""}"
"d367fbc9-c885-4b7c-9362-4a64582394b5","26df08fa-290d-47ff-b067-9503e8652925","greek-salad-1-scaled","{""size"": 77336, ""width"": 400, ""height"": 600}","{""defaultUrl"":""https://testback.invopos.co/v1/app/Media/getMedia/26df08fa-290d-47ff-b067-9503e8652925/d367fbc9-c885-4b7c-9362-4a64582394b5.jpeg""}","2023-08-08 12:43:56.34",NULL,"77336","{""fileType"": ""image"", ""extension"": ""jpeg""}"
"c4b24326-1f7a-4767-9025-3a9b3e58d327","26df08fa-290d-47ff-b067-9503e8652925","Fattoush-Salad-2-of-8","{""size"": 320524, ""width"": 600, ""height"": 400}","{""defaultUrl"":""https://testback.invopos.co/v1/app/Media/getMedia/26df08fa-290d-47ff-b067-9503e8652925/c4b24326-1f7a-4767-9025-3a9b3e58d327.jpeg""}","2023-08-08 12:46:31.368",NULL,"320524","{""fileType"": ""image"", ""extension"": ""jpeg""}"
"c779834b-e690-4cf5-921b-505f86ac95e9","26df08fa-290d-47ff-b067-9503e8652925","healthy-tuna-salad-3","{""size"": 335982, ""width"": 399, ""height"": 600}","{""defaultUrl"":""https://testback.invopos.co/v1/app/Media/getMedia/26df08fa-290d-47ff-b067-9503e8652925/c779834b-e690-4cf5-921b-505f86ac95e9.jpeg""}","2023-08-08 12:48:14.542",NULL,"335982","{""fileType"": ""image"", ""extension"": ""jpeg""}"
"e4c27f6d-84a2-405f-b4f9-4144b530d618","26df08fa-290d-47ff-b067-9503e8652925","pickled-strawberry-salad3","{""size"": 340745, ""width"": 396, ""height"": 600}","{""defaultUrl"":""https://testback.invopos.co/v1/app/Media/getMedia/26df08fa-290d-47ff-b067-9503e8652925/e4c27f6d-84a2-405f-b4f9-4144b530d618.jpeg""}","2023-08-08 13:10:05.691",NULL,"340745","{""fileType"": ""image"", ""extension"": ""jpeg""}"
"a13fcdb0-a574-4479-bb15-0127801da4b3","26df08fa-290d-47ff-b067-9503e8652925","Five-bean-salad-recipe-image-2-1532","{""size"": 302594, ""width"": 600, ""height"": 336}","{""defaultUrl"":""https://testback.invopos.co/v1/app/Media/getMedia/26df08fa-290d-47ff-b067-9503e8652925/a13fcdb0-a574-4479-bb15-0127801da4b3.webp""}","2023-08-08 13:15:28.804",NULL,"302594","{""fileType"": ""image"", ""extension"": ""webp""}"
"cd16b601-4b22-4969-aa65-c5f8ee5acb5d","26df08fa-290d-47ff-b067-9503e8652925","Tabouli_salad1","{""size"": 343549, ""width"": 400, ""height"": 600}","{""defaultUrl"":""https://testback.invopos.co/v1/app/Media/getMedia/26df08fa-290d-47ff-b067-9503e8652925/cd16b601-4b22-4969-aa65-c5f8ee5acb5d.jpeg""}","2023-08-08 13:19:12.015",NULL,"343549","{""fileType"": ""image"", ""extension"": ""jpeg""}"
"ea1254d1-38fb-4177-b902-028a2074cda9","26df08fa-290d-47ff-b067-9503e8652925","Fruit-Salad-with-Orange-Poppy-Seed-Syrup-2","{""size"": 331162, ""width"": 400, ""height"": 600}","{""defaultUrl"":""https://testback.invopos.co/v1/app/Media/getMedia/26df08fa-290d-47ff-b067-9503e8652925/ea1254d1-38fb-4177-b902-028a2074cda9.jpeg""}","2023-08-08 13:20:35.618",NULL,"331162","{""fileType"": ""image"", ""extension"": ""jpeg""}"
"6f306e03-7a7d-43e1-a727-2a8fc7522eb7","26df08fa-290d-47ff-b067-9503e8652925","pickled-strawberry-salad3Copy-1","{""size"": 340745, ""width"": 396, ""height"": 600}","{""defaultUrl"":""https://testback.invopos.co/v1/app/Media/getMedia/26df08fa-290d-47ff-b067-9503e8652925/6f306e03-7a7d-43e1-a727-2a8fc7522eb7.jpeg""}","2023-08-08 13:24:44.654",NULL,"340745","{""fileType"": ""image"", ""extension"": ""jpeg""}"
"097c4314-c51d-4afa-82b9-a576aabb0090","26df08fa-290d-47ff-b067-9503e8652925","Grilled-Chicken-Salad-Cobb-Salad-photo-recipe-8","{""size"": 377534, ""width"": 400, ""height"": 600}","{""defaultUrl"":""https://testback.invopos.co/v1/app/Media/getMedia/26df08fa-290d-47ff-b067-9503e8652925/097c4314-c51d-4afa-82b9-a576aabb0090.jpeg""}","2023-08-08 13:25:43.069",NULL,"377534","{""fileType"": ""image"", ""extension"": ""jpeg""}"
"131bee66-c171-4803-b2ed-bc9d2feb2a8e","26df08fa-290d-47ff-b067-9503e8652925","pomegranate-rocket-salad-in-serving-bowl-and-two-plates-720x1080","{""size"": 334545, ""width"": 400, ""height"": 600}","{""defaultUrl"":""https://testback.invopos.co/v1/app/Media/getMedia/26df08fa-290d-47ff-b067-9503e8652925/131bee66-c171-4803-b2ed-bc9d2feb2a8e.jpeg""}","2023-08-09 05:47:53.17",NULL,"334545","{""fileType"": ""image"", ""extension"": ""jpeg""}"
"3225182c-a258-4500-943d-f6b344d0ae18","26df08fa-290d-47ff-b067-9503e8652925","20220617194112-true-orange-fruit-salad","{""size"": 273720, ""width"": 600, ""height"": 337}","{""defaultUrl"":""https://testback.invopos.co/v1/app/Media/getMedia/26df08fa-290d-47ff-b067-9503e8652925/3225182c-a258-4500-943d-f6b344d0ae18.webp""}","2023-08-09 05:52:00.779",NULL,"273720","{""fileType"": ""image"", ""extension"": ""webp""}"
"45512688-112f-4b8f-94ed-f8e0bf327c19","26df08fa-290d-47ff-b067-9503e8652925","greek-yogurt-fruit-salad-img4","{""size"": 268430, ""width"": 400, ""height"": 600}","{""defaultUrl"":""https://testback.invopos.co/v1/app/Media/getMedia/26df08fa-290d-47ff-b067-9503e8652925/45512688-112f-4b8f-94ed-f8e0bf327c19.webp""}","2023-08-09 05:53:31.2",NULL,"268430","{""fileType"": ""image"", ""extension"": ""webp""}"
"7283a49c-9379-4ed1-83e5-a6200e77e246","26df08fa-290d-47ff-b067-9503e8652925","IMG_9545-1024x768","{""size"": 331538, ""width"": 600, ""height"": 450}","{""defaultUrl"":""https://testback.invopos.co/v1/app/Media/getMedia/26df08fa-290d-47ff-b067-9503e8652925/7283a49c-9379-4ed1-83e5-a6200e77e246.jpeg""}","2023-08-09 05:57:30.46",NULL,"331538","{""fileType"": ""image"", ""extension"": ""jpeg""}"
"623556c3-6408-4a59-9c64-68ac7d5cc3f2","26df08fa-290d-47ff-b067-9503e8652925","summer-salad-with-strawberries-avocado-pecans-balsamic-dressing-6","{""size"": 293124, ""width"": 400, ""height"": 600}","{""defaultUrl"":""https://testback.invopos.co/v1/app/Media/getMedia/26df08fa-290d-47ff-b067-9503e8652925/623556c3-6408-4a59-9c64-68ac7d5cc3f2.jpeg""}","2023-08-09 06:01:05.807",NULL,"293124","{""fileType"": ""image"", ""extension"": ""jpeg""}"
"895149ea-6ea8-4a1c-99ff-afa628571b14","26df08fa-290d-47ff-b067-9503e8652925","73d98f23ba526056aed2a324c96fbc7e","{""size"": 283156, ""width"": 398, ""height"": 600}","{""defaultUrl"":""https://testback.invopos.co/v1/app/Media/getMedia/26df08fa-290d-47ff-b067-9503e8652925/895149ea-6ea8-4a1c-99ff-afa628571b14.jpeg""}","2023-08-09 06:02:43.433",NULL,"283156","{""fileType"": ""image"", ""extension"": ""jpeg""}"
"757806c8-747c-4409-a43a-a3bc1715edfe","26df08fa-290d-47ff-b067-9503e8652925","file5EM5HHGD","{""size"": 231738, ""width"": 600, ""height"": 424}","{""defaultUrl"":""https://testback.invopos.co/v1/app/Media/getMedia/26df08fa-290d-47ff-b067-9503e8652925/757806c8-747c-4409-a43a-a3bc1715edfe.jpeg""}","2023-08-09 07:55:17.922",NULL,"231738","{""fileType"": ""image"", ""extension"": ""jpeg""}"
"308b00d4-e1f9-483a-aaa9-1515c85c1014","26df08fa-290d-47ff-b067-9503e8652925","file5EM5HHGDCopy-1","{""size"": 231738, ""width"": 600, ""height"": 424}","{""defaultUrl"":""https://testback.invopos.co/v1/app/Media/getMedia/26df08fa-290d-47ff-b067-9503e8652925/308b00d4-e1f9-483a-aaa9-1515c85c1014.jpeg""}","2023-08-09 08:05:13.962",NULL,"231738","{""fileType"": ""image"", ""extension"": ""jpeg""}"
"d80c4333-3d2a-474d-bd45-43838f9ec830","26df08fa-290d-47ff-b067-9503e8652925","anime-original-braid-girl-wallpaper-preview","{""size"": 162857, ""width"": 600, ""height"": 391}","{""defaultUrl"":""https://testback.invopos.co/v1/app/Media/getMedia/26df08fa-290d-47ff-b067-9503e8652925/d80c4333-3d2a-474d-bd45-43838f9ec830.jpeg""}","2023-08-09 08:45:12.126",NULL,"162857","{""fileType"": ""image"", ""extension"": ""jpeg""}"
"950bbea2-fbd6-4553-8243-b24fe4a69f4b","26df08fa-290d-47ff-b067-9503e8652925","US_HandAndFootTherapy","{""size"": 211952, ""width"": 600, ""height"": 600}","{""defaultUrl"":""https://testback.invopos.co/v1/app/Media/getMedia/26df08fa-290d-47ff-b067-9503e8652925/950bbea2-fbd6-4553-8243-b24fe4a69f4b.webp""}","2023-08-10 06:19:53.416",NULL,"211952","{""fileType"": ""image"", ""extension"": ""webp""}"
"b99423b5-2a26-42ec-b92d-5a789cda52cd","26df08fa-290d-47ff-b067-9503e8652925","images","{""size"": 31758, ""width"": 183, ""height"": 275}","{""defaultUrl"":""https://testback.invopos.co/v1/app/Media/getMedia/26df08fa-290d-47ff-b067-9503e8652925/b99423b5-2a26-42ec-b92d-5a789cda52cd.jpeg""}","2023-08-10 06:32:36.874",NULL,"31758","{""fileType"": ""image"", ""extension"": ""jpeg""}"
"a4493149-4f96-49ad-b30f-cf3f413e9961","26df08fa-290d-47ff-b067-9503e8652925","53d77cac328c8452e431ac00a8de3e85","{""size"": 195305, ""width"": 400, ""height"": 600}","{""defaultUrl"":""https://testback.invopos.co/v1/app/Media/getMedia/26df08fa-290d-47ff-b067-9503e8652925/a4493149-4f96-49ad-b30f-cf3f413e9961.jpeg""}","2023-08-10 06:37:57.72",NULL,"195305","{""fileType"": ""image"", ""extension"": ""jpeg""}"
"d681eab2-277a-4237-8043-4baa1ea10a83","26df08fa-290d-47ff-b067-9503e8652925","cheerful-healthy-girl-is-getting-a-hair-wash-in-hair-salon","{""size"": 148632, ""width"": 600, ""height"": 375}","{""defaultUrl"":""https://testback.invopos.co/v1/app/Media/getMedia/26df08fa-290d-47ff-b067-9503e8652925/d681eab2-277a-4237-8043-4baa1ea10a83.jpeg""}","2023-08-10 06:40:49.623",NULL,"148632","{""fileType"": ""image"", ""extension"": ""jpeg""}"
"5d4e6216-f85d-4bb8-a7cd-c87e27359e40","26df08fa-290d-47ff-b067-9503e8652925","waxing-in-dublin-5-places-to-get-the-dreaded-job-done","{""size"": 145072, ""width"": 600, ""height"": 335}","{""defaultUrl"":""https://testback.invopos.co/v1/app/Media/getMedia/26df08fa-290d-47ff-b067-9503e8652925/5d4e6216-f85d-4bb8-a7cd-c87e27359e40.webp""}","2023-08-10 06:44:23.978",NULL,"145072","{""fileType"": ""image"", ""extension"": ""webp""}"
"1a6ad670-8886-4772-b3e7-ed32c53906fd","26df08fa-290d-47ff-b067-9503e8652925","unnamed","{""size"": 74697, ""width"": 512, ""height"": 285}","{""defaultUrl"":""https://testback.invopos.co/v1/app/Media/getMedia/26df08fa-290d-47ff-b067-9503e8652925/1a6ad670-8886-4772-b3e7-ed32c53906fd.jpeg""}","2023-08-10 06:45:32.595",NULL,"74697","{""fileType"": ""image"", ""extension"": ""jpeg""}"
"3426e0ab-ad22-4ead-a479-86842bc231a5","26df08fa-290d-47ff-b067-9503e8652925","pasted image 0","{""size"": 347074, ""width"": 591, ""height"": 600}","{""defaultUrl"":""https://testback.invopos.co/v1/app/Media/getMedia/26df08fa-290d-47ff-b067-9503e8652925/3426e0ab-ad22-4ead-a479-86842bc231a5.png""}","2023-08-10 06:53:20.314",NULL,"347074","{""fileType"": ""image"", ""extension"": ""png""}"
"cbdb4a06-e12f-43f2-8723-4dbd5ae7f22b","26df08fa-290d-47ff-b067-9503e8652925","Fashion_natural_makeup_1","{""size"": 200558, ""width"": 480, ""height"": 600}","{""defaultUrl"":""https://testback.invopos.co/v1/app/Media/getMedia/26df08fa-290d-47ff-b067-9503e8652925/cbdb4a06-e12f-43f2-8723-4dbd5ae7f22b.jpeg""}","2023-08-10 07:03:07.289",NULL,"200558","{""fileType"": ""image"", ""extension"": ""jpeg""}"
"07ee65a7-6dc4-47be-814c-f8bfdadb611a","26df08fa-290d-47ff-b067-9503e8652925","WhatsApp-Image-2021-03-27-at-11","{""size"": 205151, ""width"": 480, ""height"": 600}","{""defaultUrl"":""https://testback.invopos.co/v1/app/Media/getMedia/26df08fa-290d-47ff-b067-9503e8652925/07ee65a7-6dc4-47be-814c-f8bfdadb611a.jpeg""}","2023-08-10 07:04:21.66",NULL,"205151","{""fileType"": ""image"", ""extension"": ""jpeg""}"
"f3723794-88c1-46a2-8239-3de6b1293920","26df08fa-290d-47ff-b067-9503e8652925","aec96e8dc29042d943151b07356bcfc5","{""size"": 259569, ""width"": 400, ""height"": 600}","{""defaultUrl"":""https://testback.invopos.co/v1/app/Media/getMedia/26df08fa-290d-47ff-b067-9503e8652925/f3723794-88c1-46a2-8239-3de6b1293920.jpeg""}","2023-08-10 07:06:06.526",NULL,"259569","{""fileType"": ""image"", ""extension"": ""jpeg""}"
"43a31199-482d-483d-9c98-b042518d65b0","26df08fa-290d-47ff-b067-9503e8652925","Asian-Hairstyles-For-Women-1","{""size"": 215902, ""width"": 600, ""height"": 293}","{""defaultUrl"":""https://testback.invopos.co/v1/app/Media/getMedia/26df08fa-290d-47ff-b067-9503e8652925/43a31199-482d-483d-9c98-b042518d65b0.jpeg""}","2023-08-10 07:09:40.65",NULL,"215902","{""fileType"": ""image"", ""extension"": ""jpeg""}"
"0dfcb59f-d0d7-4b2c-b707-c952f1961529","26df08fa-290d-47ff-b067-9503e8652925","pepperoni-pizza6+srgb","{""size"": 387459, ""width"": 399, ""height"": 600}","{""defaultUrl"":""https://testback.invopos.co/v1/app/Media/getMedia/26df08fa-290d-47ff-b067-9503e8652925/0dfcb59f-d0d7-4b2c-b707-c952f1961529.jpeg""}","2023-08-13 10:16:50.603",NULL,"387459","{""fileType"": ""image"", ""extension"": ""jpeg""}"
"29ecd06a-4dfc-429f-ba51-0d3b21347da6","26df08fa-290d-47ff-b067-9503e8652925","Pizza-036","{""size"": 318690, ""width"": 400, ""height"": 600}","{""defaultUrl"":""https://testback.invopos.co/v1/app/Media/getMedia/26df08fa-290d-47ff-b067-9503e8652925/29ecd06a-4dfc-429f-ba51-0d3b21347da6.jpeg""}","2023-08-13 10:41:24.505",NULL,"318690","{""fileType"": ""image"", ""extension"": ""jpeg""}"
"c4fcd254-3dae-441f-93bd-885e785a8b3d","26df08fa-290d-47ff-b067-9503e8652925","bbq-pizza-318-1547837614","{""size"": 371030, ""width"": 600, ""height"": 400}","{""defaultUrl"":""https://testback.invopos.co/v1/app/Media/getMedia/26df08fa-290d-47ff-b067-9503e8652925/c4fcd254-3dae-441f-93bd-885e785a8b3d.jpeg""}","2023-08-13 11:23:47.393",NULL,"371030","{""fileType"": ""image"", ""extension"": ""jpeg""}"
"e37bf267-a741-40b4-9f77-e13b2a3eeea9","26df08fa-290d-47ff-b067-9503e8652925","Veggie-Pizza-8","{""size"": 398810, ""width"": 400, ""height"": 600}","{""defaultUrl"":""https://testback.invopos.co/v1/app/Media/getMedia/26df08fa-290d-47ff-b067-9503e8652925/e37bf267-a741-40b4-9f77-e13b2a3eeea9.jpeg""}","2023-08-13 11:35:24.695",NULL,"398810","{""fileType"": ""image"", ""extension"": ""jpeg""}"
"3a630188-a780-4420-a6a9-b3ce77dfad30","26df08fa-290d-47ff-b067-9503e8652925","margherita-chicken-pizza-recipe-3-of-6","{""size"": 396753, ""width"": 400, ""height"": 600}","{""defaultUrl"":""https://testback.invopos.co/v1/app/Media/getMedia/26df08fa-290d-47ff-b067-9503e8652925/3a630188-a780-4420-a6a9-b3ce77dfad30.jpeg""}","2023-08-13 11:42:22.739",NULL,"396753","{""fileType"": ""image"", ""extension"": ""jpeg""}"
"2bbd7bad-a1e5-42d8-b307-60fa61b2b749","26df08fa-290d-47ff-b067-9503e8652925","spinach-pasta-in-black-skillet-with-tongs","{""size"": 348562, ""width"": 425, ""height"": 600}","{""defaultUrl"":""https://testback.invopos.co/v1/app/Media/getMedia/26df08fa-290d-47ff-b067-9503e8652925/2bbd7bad-a1e5-42d8-b307-60fa61b2b749.jpeg""}","2023-08-13 12:14:28.762",NULL,"348562","{""fileType"": ""image"", ""extension"": ""jpeg""}"
"e485e20c-be63-4092-86a0-7335b7634f41","26df08fa-290d-47ff-b067-9503e8652925","tuscan-chicken","{""size"": 456691, ""width"": 475, ""height"": 600}","{""defaultUrl"":""https://testback.invopos.co/v1/app/Media/getMedia/26df08fa-290d-47ff-b067-9503e8652925/e485e20c-be63-4092-86a0-7335b7634f41.jpeg""}","2023-08-13 12:34:00.272",NULL,"456691","{""fileType"": ""image"", ""extension"": ""jpeg""}"
"51e59e1b-4cbd-4cac-90c4-db992606c6cc","26df08fa-290d-47ff-b067-9503e8652925","Hummus_Pasta_One_Pot_5_Ingredients_FromMyBowl-3","{""size"": 331334, ""width"": 600, ""height"": 400}","{""defaultUrl"":""https://testback.invopos.co/v1/app/Media/getMedia/26df08fa-290d-47ff-b067-9503e8652925/51e59e1b-4cbd-4cac-90c4-db992606c6cc.webp""}","2023-08-13 12:43:05.65",NULL,"331334","{""fileType"": ""image"", ""extension"": ""webp""}"
"0b4e6d70-4e34-4223-9eea-026d0dc15f3d","26df08fa-290d-47ff-b067-9503e8652925","fettuccine-alfredo-1-6","{""size"": 295639, ""width"": 480, ""height"": 600}","{""defaultUrl"":""https://testback.invopos.co/v1/app/Media/getMedia/26df08fa-290d-47ff-b067-9503e8652925/0b4e6d70-4e34-4223-9eea-026d0dc15f3d.jpeg""}","2023-08-13 12:46:31.547",NULL,"295639","{""fileType"": ""image"", ""extension"": ""jpeg""}"
"5c34d0df-7d21-45f6-91fc-1ff1dd6bdcd6","26df08fa-290d-47ff-b067-9503e8652925","DSC00121-scaled-600x850","{""size"": 358353, ""width"": 423, ""height"": 600}","{""defaultUrl"":""https://testback.invopos.co/v1/app/Media/getMedia/26df08fa-290d-47ff-b067-9503e8652925/5c34d0df-7d21-45f6-91fc-1ff1dd6bdcd6.jpeg""}","2023-08-13 12:50:43.368",NULL,"358353","{""fileType"": ""image"", ""extension"": ""jpeg""}"
"b0fdde85-e08c-4495-8784-dd7c4f2edc90","26df08fa-290d-47ff-b067-9503e8652925","Creamy-Bowtie-Pasta-with-Sundried-Tomatoes-6-scaled","{""size"": 357116, ""width"": 429, ""height"": 600}","{""defaultUrl"":""https://testback.invopos.co/v1/app/Media/getMedia/26df08fa-290d-47ff-b067-9503e8652925/b0fdde85-e08c-4495-8784-dd7c4f2edc90.jpeg""}","2023-08-13 12:53:47.883",NULL,"357116","{""fileType"": ""image"", ""extension"": ""jpeg""}"
"c4ac07dc-491d-439a-b694-91d3fe152419","26df08fa-290d-47ff-b067-9503e8652925","Brown-Butter-Garlic-Angel-Hair-Pasta-7","{""size"": 334520, ""width"": 400, ""height"": 600}","{""defaultUrl"":""https://testback.invopos.co/v1/app/Media/getMedia/26df08fa-290d-47ff-b067-9503e8652925/c4ac07dc-491d-439a-b694-91d3fe152419.jpeg""}","2023-08-13 12:57:24.663",NULL,"334520","{""fileType"": ""image"", ""extension"": ""jpeg""}"
"647433c6-1577-471f-a12e-c1cb1ce7cb1d","26df08fa-290d-47ff-b067-9503e8652925","Classic-Lasagna-14-scaled","{""size"": 250371, ""width"": 600, ""height"": 360}","{""defaultUrl"":""https://testback.invopos.co/v1/app/Media/getMedia/26df08fa-290d-47ff-b067-9503e8652925/647433c6-1577-471f-a12e-c1cb1ce7cb1d.jpeg""}","2023-08-13 13:07:42.83",NULL,"250371","{""fileType"": ""image"", ""extension"": ""jpeg""}"
"16f5092c-620b-4b1f-a27f-5be27a32fbbf","26df08fa-290d-47ff-b067-9503e8652925","Orzo-001","{""size"": 433496, ""width"": 480, ""height"": 600}","{""defaultUrl"":""https://testback.invopos.co/v1/app/Media/getMedia/26df08fa-290d-47ff-b067-9503e8652925/16f5092c-620b-4b1f-a27f-5be27a32fbbf.jpeg""}","2023-08-13 13:09:38.674",NULL,"433496","{""fileType"": ""image"", ""extension"": ""jpeg""}"
"ecd66663-d325-41ae-8796-58f07600ade1","26df08fa-290d-47ff-b067-9503e8652925","Vegetable-Spaghetti-Recipe-2-1200","{""size"": 302785, ""width"": 400, ""height"": 600}","{""defaultUrl"":""https://testback.invopos.co/v1/app/Media/getMedia/26df08fa-290d-47ff-b067-9503e8652925/ecd66663-d325-41ae-8796-58f07600ade1.jpeg""}","2023-08-13 13:13:36.084",NULL,"302785","{""fileType"": ""image"", ""extension"": ""jpeg""}"
"f60b3835-a94f-4260-a0b4-bd1befb7ac72","26df08fa-290d-47ff-b067-9503e8652925","creamy-tuscan-gnocchi-3","{""size"": 291938, ""width"": 400, ""height"": 600}","{""defaultUrl"":""https://testback.invopos.co/v1/app/Media/getMedia/26df08fa-290d-47ff-b067-9503e8652925/f60b3835-a94f-4260-a0b4-bd1befb7ac72.webp""}","2023-08-14 05:29:30.917",NULL,"291938","{""fileType"": ""image"", ""extension"": ""webp""}"
"d251e844-76d4-4137-bf9c-b9814daff82b","26df08fa-290d-47ff-b067-9503e8652925","Bucatini-allAmatriciana-4","{""size"": 371800, ""width"": 400, ""height"": 600}","{""defaultUrl"":""https://testback.invopos.co/v1/app/Media/getMedia/26df08fa-290d-47ff-b067-9503e8652925/d251e844-76d4-4137-bf9c-b9814daff82b.jpeg""}","2023-08-14 05:32:35.536",NULL,"371800","{""fileType"": ""image"", ""extension"": ""jpeg""}"
"2a59daaa-c71a-49df-ba32-057938fb09c8","26df08fa-290d-47ff-b067-9503e8652925","Italian-pasta-recipes_0007-799x1024","{""size"": 363281, ""width"": 468, ""height"": 600}","{""defaultUrl"":""https://testback.invopos.co/v1/app/Media/getMedia/26df08fa-290d-47ff-b067-9503e8652925/2a59daaa-c71a-49df-ba32-057938fb09c8.jpeg""}","2023-08-14 05:37:02.238",NULL,"363281","{""fileType"": ""image"", ""extension"": ""jpeg""}"
"aae72376-738e-4dd4-a028-38fc561afcbb","26df08fa-290d-47ff-b067-9503e8652925","Sausage-Tortellini-1-1-of-1","{""size"": 442332, ""width"": 600, ""height"": 428}","{""defaultUrl"":""https://testback.invopos.co/v1/app/Media/getMedia/26df08fa-290d-47ff-b067-9503e8652925/aae72376-738e-4dd4-a028-38fc561afcbb.jpeg""}","2023-08-14 05:46:33.236",NULL,"442332","{""fileType"": ""image"", ""extension"": ""jpeg""}"
"15076184-f770-45d1-800d-1c017bb19902","26df08fa-290d-47ff-b067-9503e8652925","turkey-tetrazzini-with-spinach-4-683x1024","{""size"": 262768, ""width"": 400, ""height"": 600}","{""defaultUrl"":""https://testback.invopos.co/v1/app/Media/getMedia/26df08fa-290d-47ff-b067-9503e8652925/15076184-f770-45d1-800d-1c017bb19902.webp""}","2023-08-14 05:50:29.89",NULL,"262768","{""fileType"": ""image"", ""extension"": ""webp""}"
"4c4a5271-22af-4793-8737-974bf3dcc6ec","26df08fa-290d-47ff-b067-9503e8652925","Pizza_Margherita","{""size"": 39472, ""width"": 520, ""height"": 600}","{""defaultUrl"":""https://testback.invopos.co/v1/app/Media/getMedia/26df08fa-290d-47ff-b067-9503e8652925/4c4a5271-22af-4793-8737-974bf3dcc6ec.jpeg""}","2023-08-14 06:07:30.121",NULL,"39472","{""fileType"": ""image"", ""extension"": ""jpeg""}"
"ff198856-6055-4a6e-8653-d15446b92c8d","26df08fa-290d-47ff-b067-9503e8652925","Hawaiian-Pizza-3","{""size"": 425299, ""width"": 400, ""height"": 600}","{""defaultUrl"":""https://testback.invopos.co/v1/app/Media/getMedia/26df08fa-290d-47ff-b067-9503e8652925/ff198856-6055-4a6e-8653-d15446b92c8d.jpeg""}","2023-08-14 06:10:59.193",NULL,"425299","{""fileType"": ""image"", ""extension"": ""jpeg""}"
"eee341c3-303e-4e9a-a02e-09de17f35dae","26df08fa-290d-47ff-b067-9503e8652925","Pizza03","{""size"": 411562, ""width"": 400, ""height"": 600}","{""defaultUrl"":""https://testback.invopos.co/v1/app/Media/getMedia/26df08fa-290d-47ff-b067-9503e8652925/eee341c3-303e-4e9a-a02e-09de17f35dae.jpeg""}","2023-08-14 06:12:53.629",NULL,"411562","{""fileType"": ""image"", ""extension"": ""jpeg""}"
"94e55384-29fa-4868-887e-681f1581464e","26df08fa-290d-47ff-b067-9503e8652925","190226-buffalo-chicken-pizza-370-1552084943","{""size"": 422380, ""width"": 600, ""height"": 400}","{""defaultUrl"":""https://testback.invopos.co/v1/app/Media/getMedia/26df08fa-290d-47ff-b067-9503e8652925/94e55384-29fa-4868-887e-681f1581464e.jpeg""}","2023-08-14 06:17:25.365",NULL,"422380","{""fileType"": ""image"", ""extension"": ""jpeg""}"
"f27f017b-fac5-447a-aa06-b746f1d63958","26df08fa-290d-47ff-b067-9503e8652925","air-fryer-pizza-bagel-bites-hero-top-scaled","{""size"": 79531, ""width"": 400, ""height"": 600}","{""defaultUrl"":""https://testback.invopos.co/v1/app/Media/getMedia/26df08fa-290d-47ff-b067-9503e8652925/f27f017b-fac5-447a-aa06-b746f1d63958.jpeg""}","2023-08-14 06:49:38.292",NULL,"79531","{""fileType"": ""image"", ""extension"": ""jpeg""}"
"704be615-48e9-4999-8d90-bf68c05e71bc","26df08fa-290d-47ff-b067-9503e8652925","Cheese-Pizza-Feature","{""size"": 354231, ""width"": 423, ""height"": 600}","{""defaultUrl"":""https://testback.invopos.co/v1/app/Media/getMedia/26df08fa-290d-47ff-b067-9503e8652925/704be615-48e9-4999-8d90-bf68c05e71bc.jpeg""}","2023-08-14 06:51:49.491",NULL,"354231","{""fileType"": ""image"", ""extension"": ""jpeg""}"
"26051775-b853-4949-a541-ff7fb3ae2918","26df08fa-290d-47ff-b067-9503e8652925","Calzones-23-2","{""size"": 357676, ""width"": 400, ""height"": 600}","{""defaultUrl"":""https://testback.invopos.co/v1/app/Media/getMedia/26df08fa-290d-47ff-b067-9503e8652925/26051775-b853-4949-a541-ff7fb3ae2918.jpeg""}","2023-08-14 07:29:28.112",NULL,"357676","{""fileType"": ""image"", ""extension"": ""jpeg""}"
"45e6b44e-da05-4101-9472-15312978aee7","26df08fa-290d-47ff-b067-9503e8652925","bf8807622f","{""size"": 250520, ""width"": 600, ""height"": 313}","{""defaultUrl"":""https://testback.invopos.co/v1/app/Media/getMedia/26df08fa-290d-47ff-b067-9503e8652925/45e6b44e-da05-4101-9472-15312978aee7.jpeg""}","2023-08-14 07:33:00.809",NULL,"250520","{""fileType"": ""image"", ""extension"": ""jpeg""}"
"04305662-0dca-42b1-9f5a-1acbeb5437c6","26df08fa-290d-47ff-b067-9503e8652925","shutterstock_347791016","{""size"": 349098, ""width"": 600, ""height"": 400}","{""defaultUrl"":""https://testback.invopos.co/v1/app/Media/getMedia/26df08fa-290d-47ff-b067-9503e8652925/04305662-0dca-42b1-9f5a-1acbeb5437c6.webp""}","2023-08-14 07:35:41.722",NULL,"349098","{""fileType"": ""image"", ""extension"": ""webp""}"
"870332e1-e419-448a-8da1-bf51200097bc","26df08fa-290d-47ff-b067-9503e8652925","e76f0d6a74144d9cbdad9b861016c976","{""size"": 389688, ""width"": 480, ""height"": 600}","{""defaultUrl"":""https://testback.invopos.co/v1/app/Media/getMedia/26df08fa-290d-47ff-b067-9503e8652925/870332e1-e419-448a-8da1-bf51200097bc.jpeg""}","2023-08-14 07:36:17.54",NULL,"389688","{""fileType"": ""image"", ""extension"": ""jpeg""}"
"27ef1313-a3ea-4228-935e-e3445333566d","26df08fa-290d-47ff-b067-9503e8652925","shutterstock_225147871Copy-1","{""size"": 416126, ""width"": 600, ""height"": 600}","{""defaultUrl"":""https://testback.invopos.co/v1/app/Media/getMedia/26df08fa-290d-47ff-b067-9503e8652925/27ef1313-a3ea-4228-935e-e3445333566d.jpeg""}","2023-08-14 11:16:08.326",NULL,"416126","{""fileType"": ""image"", ""extension"": ""jpeg""}"
"d57cac7d-53d1-4700-9ea1-761c88533712","26df08fa-290d-47ff-b067-9503e8652925","pizza-napoletana-storia-e-segreti-per-la-ricetta-dellimpasto-perfetto_1659000135","{""size"": 402336, ""width"": 600, ""height"": 400}","{""defaultUrl"":""https://testback.invopos.co/v1/app/Media/getMedia/26df08fa-290d-47ff-b067-9503e8652925/d57cac7d-53d1-4700-9ea1-761c88533712.jpeg""}","2023-08-14 07:38:01.373",NULL,"402336","{""fileType"": ""image"", ""extension"": ""jpeg""}"
"d4dd5275-ff22-436f-9203-bbe08d1b6f05","26df08fa-290d-47ff-b067-9503e8652925","s9b00253_1","{""size"": 6436, ""width"": 420, ""height"": 600}","{""defaultUrl"":""https://testback.invopos.co/v1/app/Media/getMedia/26df08fa-290d-47ff-b067-9503e8652925/d4dd5275-ff22-436f-9203-bbe08d1b6f05.jpeg""}","2023-08-14 07:42:28.865",NULL,"6436","{""fileType"": ""image"", ""extension"": ""jpeg""}"
"efaf1d61-ba3e-4e9f-8122-a61278f74622","26df08fa-290d-47ff-b067-9503e8652925","Pizza-capricciosa","{""size"": 388892, ""width"": 466, ""height"": 600}","{""defaultUrl"":""https://testback.invopos.co/v1/app/Media/getMedia/26df08fa-290d-47ff-b067-9503e8652925/efaf1d61-ba3e-4e9f-8122-a61278f74622.jpeg""}","2023-08-14 07:45:22.415",NULL,"388892","{""fileType"": ""image"", ""extension"": ""jpeg""}"
"0931b68d-d8dd-45ee-b177-554847c983e4","26df08fa-290d-47ff-b067-9503e8652925","shutterstock_225147871","{""size"": 416126, ""width"": 600, ""height"": 600}","{""defaultUrl"":""https://testback.invopos.co/v1/app/Media/getMedia/26df08fa-290d-47ff-b067-9503e8652925/0931b68d-d8dd-45ee-b177-554847c983e4.jpeg""}","2023-08-14 08:16:00.407",NULL,"416126","{""fileType"": ""image"", ""extension"": ""jpeg""}"
"5410b9fc-3ddf-454f-8fb5-d596361fd84e","26df08fa-290d-47ff-b067-9503e8652925","istock-486120619","{""size"": 304454, ""width"": 600, ""height"": 480}","{""defaultUrl"":""https://testback.invopos.co/v1/app/Media/getMedia/26df08fa-290d-47ff-b067-9503e8652925/5410b9fc-3ddf-454f-8fb5-d596361fd84e.avif""}","2023-08-14 08:21:23.403",NULL,"304454","{""fileType"": ""image"", ""extension"": ""avif""}"
"c125db6f-0067-4262-b454-54a92787536f","26df08fa-290d-47ff-b067-9503e8652925","sprite-carbonated-drink-330ml-x12","{""size"": 84550, ""width"": 600, ""height"": 600}","{""defaultUrl"":""https://testback.invopos.co/v1/app/Media/getMedia/26df08fa-290d-47ff-b067-9503e8652925/c125db6f-0067-4262-b454-54a92787536f.jpeg""}","2023-08-14 09:56:23.756",NULL,"84550","{""fileType"": ""image"", ""extension"": ""jpeg""}"
"e7de2b1d-b47f-4097-945e-03d2c2e402b5","26df08fa-290d-47ff-b067-9503e8652925","Product-Information-fanta-orange","{""size"": 172008, ""width"": 600, ""height"": 600}","{""defaultUrl"":""https://testback.invopos.co/v1/app/Media/getMedia/26df08fa-290d-47ff-b067-9503e8652925/e7de2b1d-b47f-4097-945e-03d2c2e402b5.webp""}","2023-08-14 09:57:41.574",NULL,"172008","{""fileType"": ""image"", ""extension"": ""webp""}"
"8f7e4523-3678-4669-8fee-8419711c764b","26df08fa-290d-47ff-b067-9503e8652925","1200Wx1200H-null","{""size"": 169106, ""width"": 600, ""height"": 600}","{""defaultUrl"":""https://testback.invopos.co/v1/app/Media/getMedia/26df08fa-290d-47ff-b067-9503e8652925/8f7e4523-3678-4669-8fee-8419711c764b.avif""}","2023-08-14 10:00:42.698",NULL,"169106","{""fileType"": ""image"", ""extension"": ""avif""}"
"487f5d5e-5a41-4449-be74-81535bc20563","26df08fa-290d-47ff-b067-9503e8652925","0001230","{""size"": 117942, ""width"": 600, ""height"": 600}","{""defaultUrl"":""https://testback.invopos.co/v1/app/Media/getMedia/26df08fa-290d-47ff-b067-9503e8652925/487f5d5e-5a41-4449-be74-81535bc20563.jpeg""}","2023-08-14 10:02:24.233",NULL,"117942","{""fileType"": ""image"", ""extension"": ""jpeg""}"
"25c9c79d-32a3-4f2f-8086-01279287aa04","26df08fa-290d-47ff-b067-9503e8652925","51LYL2JbnXL","{""size"": 153109, ""width"": 600, ""height"": 600}","{""defaultUrl"":""https://testback.invopos.co/v1/app/Media/getMedia/26df08fa-290d-47ff-b067-9503e8652925/25c9c79d-32a3-4f2f-8086-01279287aa04.jpeg""}","2023-08-14 10:03:44.446",NULL,"153109","{""fileType"": ""image"", ""extension"": ""jpeg""}"
"55d8c67a-ea80-4a2e-8bbe-4f3d9e36eb10","26df08fa-290d-47ff-b067-9503e8652925","31LxfMJrKYL","{""size"": 34551, ""width"": 500, ""height"": 500}","{""defaultUrl"":""https://testback.invopos.co/v1/app/Media/getMedia/26df08fa-290d-47ff-b067-9503e8652925/55d8c67a-ea80-4a2e-8bbe-4f3d9e36eb10.jpeg""}","2023-08-14 10:24:38.397",NULL,"34551","{""fileType"": ""image"", ""extension"": ""jpeg""}"
"6a7d19b4-6ea5-4466-8da0-0317453275d9","26df08fa-290d-47ff-b067-9503e8652925","0001230Copy-1","{""size"": 117942, ""width"": 600, ""height"": 600}","{""defaultUrl"":""https://testback.invopos.co/v1/app/Media/getMedia/26df08fa-290d-47ff-b067-9503e8652925/6a7d19b4-6ea5-4466-8da0-0317453275d9.jpeg""}","2023-08-14 10:32:28.347",NULL,"117942","{""fileType"": ""image"", ""extension"": ""jpeg""}"
"fc8bfd00-59fe-4a05-8d7c-2d72b0ec4afa","26df08fa-290d-47ff-b067-9503e8652925","15286a","{""size"": 113438, ""width"": 600, ""height"": 600}","{""defaultUrl"":""https://testback.invopos.co/v1/app/Media/getMedia/26df08fa-290d-47ff-b067-9503e8652925/fc8bfd00-59fe-4a05-8d7c-2d72b0ec4afa.webp""}","2023-08-14 10:35:09.481",NULL,"113438","{""fileType"": ""image"", ""extension"": ""webp""}"
"7559cf64-c0bb-46de-add9-1e1e0c9e2e56","26df08fa-290d-47ff-b067-9503e8652925","ng_schweppes_prod_virgin mojito_750x750","{""size"": 138560, ""width"": 600, ""height"": 600}","{""defaultUrl"":""https://testback.invopos.co/v1/app/Media/getMedia/26df08fa-290d-47ff-b067-9503e8652925/7559cf64-c0bb-46de-add9-1e1e0c9e2e56.webp""}","2023-08-14 10:37:41.507",NULL,"138560","{""fileType"": ""image"", ""extension"": ""webp""}"
"029fe41d-978d-4383-8e62-7cab309bcd68","26df08fa-290d-47ff-b067-9503e8652925","SchweppesBitterLemonImported320ml","{""size"": 106468, ""width"": 600, ""height"": 600}","{""defaultUrl"":""https://testback.invopos.co/v1/app/Media/getMedia/26df08fa-290d-47ff-b067-9503e8652925/029fe41d-978d-4383-8e62-7cab309bcd68.webp""}","2023-08-14 10:59:13.349",NULL,"106468","{""fileType"": ""image"", ""extension"": ""webp""}"
"8903266b-1d67-484f-af79-3fc1a2d2b20b","26df08fa-290d-47ff-b067-9503e8652925","SchweppesBitterLemonImported320mlCopy-1","{""size"": 106468, ""width"": 600, ""height"": 600}","{""defaultUrl"":""https://testback.invopos.co/v1/app/Media/getMedia/26df08fa-290d-47ff-b067-9503e8652925/8903266b-1d67-484f-af79-3fc1a2d2b20b.webp""}","2023-08-14 11:02:13.87",NULL,"106468","{""fileType"": ""image"", ""extension"": ""webp""}"
"a3d8d684-641f-4a21-9007-550b235d9b68","26df08fa-290d-47ff-b067-9503e8652925","61sZke6bEiL","{""size"": 137222, ""width"": 600, ""height"": 600}","{""defaultUrl"":""https://testback.invopos.co/v1/app/Media/getMedia/26df08fa-290d-47ff-b067-9503e8652925/a3d8d684-641f-4a21-9007-550b235d9b68.jpeg""}","2023-08-14 11:03:30.204",NULL,"137222","{""fileType"": ""image"", ""extension"": ""jpeg""}"
"52c591fc-ea88-4b76-9b08-efd4b3505cf8","26df08fa-290d-47ff-b067-9503e8652925","1200Wx1200H-nullCopy-1","{""size"": 169106, ""width"": 600, ""height"": 600}","{""defaultUrl"":""https://testback.invopos.co/v1/app/Media/getMedia/26df08fa-290d-47ff-b067-9503e8652925/52c591fc-ea88-4b76-9b08-efd4b3505cf8.avif""}","2023-08-14 11:09:24.406",NULL,"169106","{""fileType"": ""image"", ""extension"": ""avif""}"
"059630a3-c600-43ce-b2e3-a62882ecf94b","26df08fa-290d-47ff-b067-9503e8652925","5403-04","{""size"": 219707, ""width"": 600, ""height"": 600}","{""defaultUrl"":""https://testback.invopos.co/v1/app/Media/getMedia/26df08fa-290d-47ff-b067-9503e8652925/059630a3-c600-43ce-b2e3-a62882ecf94b.avif""}","2023-08-14 11:10:02.682",NULL,"219707","{""fileType"": ""image"", ""extension"": ""avif""}"
"45f10571-bbe0-40d6-820c-7829745149fa","26df08fa-290d-47ff-b067-9503e8652925","istock-486120619Copy-1","{""size"": 304454, ""width"": 600, ""height"": 480}","{""defaultUrl"":""https://testback.invopos.co/v1/app/Media/getMedia/26df08fa-290d-47ff-b067-9503e8652925/45f10571-bbe0-40d6-820c-7829745149fa.avif""}","2023-08-14 11:15:34.955",NULL,"304454","{""fileType"": ""image"", ""extension"": ""avif""}"
"7d6c4896-1efd-4f4d-a4fd-5a6aef490f27","26df08fa-290d-47ff-b067-9503e8652925","425008-01","{""size"": 189415, ""width"": 600, ""height"": 600}","{""defaultUrl"":""https://testback.invopos.co/v1/app/Media/getMedia/26df08fa-290d-47ff-b067-9503e8652925/7d6c4896-1efd-4f4d-a4fd-5a6aef490f27.avif""}","2023-08-14 11:15:49.699",NULL,"189415","{""fileType"": ""image"", ""extension"": ""avif""}"
"7476260c-2b30-4725-a354-fb0e47323191","26df08fa-290d-47ff-b067-9503e8652925","5401-01","{""size"": 226900, ""width"": 600, ""height"": 600}","{""defaultUrl"":""https://testback.invopos.co/v1/app/Media/getMedia/26df08fa-290d-47ff-b067-9503e8652925/7476260c-2b30-4725-a354-fb0e47323191.avif""}","2023-08-14 11:16:26.023",NULL,"226900","{""fileType"": ""image"", ""extension"": ""avif""}"
"cc8bd1af-bd33-43fd-94b2-19ef78147511","26df08fa-290d-47ff-b067-9503e8652925","619Xpvfr4uL","{""size"": 240532, ""width"": 457, ""height"": 600}","{""defaultUrl"":""https://testback.invopos.co/v1/app/Media/getMedia/26df08fa-290d-47ff-b067-9503e8652925/cc8bd1af-bd33-43fd-94b2-19ef78147511.jpeg""}","2023-08-14 11:36:49.196",NULL,"240532","{""fileType"": ""image"", ""extension"": ""jpeg""}"
"256dd6b9-c08d-4a38-b7a7-e4999d48169d","26df08fa-290d-47ff-b067-9503e8652925","1cdd2a69768548bfa87a716b188919f3","{""size"": 136438, ""width"": 600, ""height"": 600}","{""defaultUrl"":""https://testback.invopos.co/v1/app/Media/getMedia/26df08fa-290d-47ff-b067-9503e8652925/256dd6b9-c08d-4a38-b7a7-e4999d48169d.jpeg""}","2023-08-14 11:38:53.58",NULL,"136438","{""fileType"": ""image"", ""extension"": ""jpeg""}"
"d79abe08-9767-4f42-8317-d42f562b924f","26df08fa-290d-47ff-b067-9503e8652925","EGY_90162602","{""size"": 100363, ""width"": 291, ""height"": 599}","{""defaultUrl"":""https://testback.invopos.co/v1/app/Media/getMedia/26df08fa-290d-47ff-b067-9503e8652925/d79abe08-9767-4f42-8317-d42f562b924f.jpeg""}","2023-08-14 11:40:03.074",NULL,"100363","{""fileType"": ""image"", ""extension"": ""jpeg""}"
"8b7878e3-e404-4b58-82ca-dcc4dcade9b0","26df08fa-290d-47ff-b067-9503e8652925","66744-01","{""size"": 163669, ""width"": 600, ""height"": 600}","{""defaultUrl"":""https://testback.invopos.co/v1/app/Media/getMedia/26df08fa-290d-47ff-b067-9503e8652925/8b7878e3-e404-4b58-82ca-dcc4dcade9b0.avif""}","2023-08-14 11:41:33.91",NULL,"163669","{""fileType"": ""image"", ""extension"": ""avif""}"
"72666161-23f1-459f-bc24-bdfadeae69a4","26df08fa-290d-47ff-b067-9503e8652925","1051021-01","{""size"": 152309, ""width"": 600, ""height"": 600}","{""defaultUrl"":""https://testback.invopos.co/v1/app/Media/getMedia/26df08fa-290d-47ff-b067-9503e8652925/72666161-23f1-459f-bc24-bdfadeae69a4.avif""}","2023-08-14 11:41:55.112",NULL,"152309","{""fileType"": ""image"", ""extension"": ""avif""}"
"87c06e8f-a21e-4199-b0be-86866c34ba17","26df08fa-290d-47ff-b067-9503e8652925","CanadaDryGingerAleSodaCan355ml","{""size"": 164836, ""width"": 578, ""height"": 600}","{""defaultUrl"":""https://testback.invopos.co/v1/app/Media/getMedia/26df08fa-290d-47ff-b067-9503e8652925/87c06e8f-a21e-4199-b0be-86866c34ba17.webp""}","2023-08-14 12:00:04.439",NULL,"164836","{""fileType"": ""image"", ""extension"": ""webp""}"
"8949d20d-889b-4a5b-9344-cb686d2b8853","26df08fa-290d-47ff-b067-9503e8652925","fanta-strawberry-kiwi","{""size"": 92854, ""width"": 600, ""height"": 600}","{""defaultUrl"":""https://testback.invopos.co/v1/app/Media/getMedia/26df08fa-290d-47ff-b067-9503e8652925/8949d20d-889b-4a5b-9344-cb686d2b8853.webp""}","2023-08-14 12:29:18.466",NULL,"92854","{""fileType"": ""image"", ""extension"": ""webp""}"
"ef0ef65a-9055-4b00-85e0-7040cd6090e5","26df08fa-290d-47ff-b067-9503e8652925","9001372251329_1","{""size"": 127824, ""width"": 600, ""height"": 600}","{""defaultUrl"":""https://testback.invopos.co/v1/app/Media/getMedia/26df08fa-290d-47ff-b067-9503e8652925/ef0ef65a-9055-4b00-85e0-7040cd6090e5.jpeg""}","2023-08-14 12:31:19.151",NULL,"127824","{""fileType"": ""image"", ""extension"": ""jpeg""}"
"46822f0b-df5a-48bf-a608-69f568e72817","26df08fa-290d-47ff-b067-9503e8652925","06e7a7d8be5de7a3b9afdcb9d351bf99","{""size"": 97849, ""width"": 600, ""height"": 600}","{""defaultUrl"":""https://testback.invopos.co/v1/app/Media/getMedia/26df08fa-290d-47ff-b067-9503e8652925/46822f0b-df5a-48bf-a608-69f568e72817.jpeg""}","2023-08-14 12:37:07.041",NULL,"97849","{""fileType"": ""image"", ""extension"": ""jpeg""}"
"c23a7c43-be15-4a85-9780-5981e575d992","26df08fa-290d-47ff-b067-9503e8652925","714ng-+ShOL","{""size"": 145777, ""width"": 600, ""height"": 600}","{""defaultUrl"":""https://testback.invopos.co/v1/app/Media/getMedia/26df08fa-290d-47ff-b067-9503e8652925/c23a7c43-be15-4a85-9780-5981e575d992.jpeg""}","2023-08-14 12:39:08.206",NULL,"145777","{""fileType"": ""image"", ""extension"": ""jpeg""}"
"93f71f1e-24b7-4d83-ac08-07ab1b0f3e4b","26df08fa-290d-47ff-b067-9503e8652925","is-orange-juice-good-for-you-jpg","{""size"": 193683, ""width"": 600, ""height"": 400}","{""defaultUrl"":""https://testback.invopos.co/v1/app/Media/getMedia/26df08fa-290d-47ff-b067-9503e8652925/93f71f1e-24b7-4d83-ac08-07ab1b0f3e4b.jpeg""}","2023-08-15 05:49:59.599",NULL,"193683","{""fileType"": ""image"", ""extension"": ""jpeg""}"
"6c8ef9ee-1375-4a28-ba83-8715a8cda4bd","26df08fa-290d-47ff-b067-9503e8652925","Homemade-Blackberry-Curd-Recipe-4FEAT","{""size"": 341738, ""width"": 400, ""height"": 600}","{""defaultUrl"":""https://testback.invopos.co/v1/app/Media/getMedia/26df08fa-290d-47ff-b067-9503e8652925/6c8ef9ee-1375-4a28-ba83-8715a8cda4bd.jpeg""}","2023-08-15 05:53:34.841",NULL,"341738","{""fileType"": ""image"", ""extension"": ""jpeg""}"
"1e355e01-6c85-4d83-9b90-792f541ce1dd","26df08fa-290d-47ff-b067-9503e8652925","how-long-does-pomegrante-juice-last-claktzrc50045pw1b20lt784i","{""size"": 219236, ""width"": 400, ""height"": 600}","{""defaultUrl"":""https://testback.invopos.co/v1/app/Media/getMedia/26df08fa-290d-47ff-b067-9503e8652925/1e355e01-6c85-4d83-9b90-792f541ce1dd.webp""}","2023-08-15 06:02:07.869",NULL,"219236","{""fileType"": ""image"", ""extension"": ""webp""}"
"a12ee9d7-39fe-4c35-9dba-ccb19b415fba","26df08fa-290d-47ff-b067-9503e8652925","pera-pina-rice-pineapple-drink-ClaraGon2177","{""size"": 225041, ""width"": 400, ""height"": 600}","{""defaultUrl"":""https://testback.invopos.co/v1/app/Media/getMedia/26df08fa-290d-47ff-b067-9503e8652925/a12ee9d7-39fe-4c35-9dba-ccb19b415fba.jpeg""}","2023-08-15 06:28:06.842",NULL,"225041","{""fileType"": ""image"", ""extension"": ""jpeg""}"
"4148cf61-996b-4f94-944f-ad7c1472ef87","26df08fa-290d-47ff-b067-9503e8652925","good-food-baddie-papaya-juice","{""size"": 411056, ""width"": 600, ""height"": 600}","{""defaultUrl"":""https://testback.invopos.co/v1/app/Media/getMedia/26df08fa-290d-47ff-b067-9503e8652925/4148cf61-996b-4f94-944f-ad7c1472ef87.jpeg""}","2023-08-15 06:30:54.97",NULL,"411056","{""fileType"": ""image"", ""extension"": ""jpeg""}"
"a10a5953-995b-4980-a579-2308bb4534d0","26df08fa-290d-47ff-b067-9503e8652925","papaya-juice-5","{""size"": 225127, ""width"": 600, ""height"": 553}","{""defaultUrl"":""https://testback.invopos.co/v1/app/Media/getMedia/26df08fa-290d-47ff-b067-9503e8652925/a10a5953-995b-4980-a579-2308bb4534d0.jpeg""}","2023-08-15 06:32:26.747",NULL,"225127","{""fileType"": ""image"", ""extension"": ""jpeg""}"
"796920bb-b5d6-465f-ba0e-3b1c3f770404","26df08fa-290d-47ff-b067-9503e8652925","84884867","{""size"": 335882, ""width"": 600, ""height"": 450}","{""defaultUrl"":""https://testback.invopos.co/v1/app/Media/getMedia/26df08fa-290d-47ff-b067-9503e8652925/796920bb-b5d6-465f-ba0e-3b1c3f770404.webp""}","2023-08-15 06:41:44.472",NULL,"335882","{""fileType"": ""image"", ""extension"": ""webp""}"
"784d8d58-9246-4f89-8051-a33bf95f9d15","26df08fa-290d-47ff-b067-9503e8652925","84884867Copy-1","{""size"": 335882, ""width"": 600, ""height"": 450}","{""defaultUrl"":""https://testback.invopos.co/v1/app/Media/getMedia/26df08fa-290d-47ff-b067-9503e8652925/784d8d58-9246-4f89-8051-a33bf95f9d15.webp""}","2023-08-15 06:49:02.65",NULL,"335882","{""fileType"": ""image"", ""extension"": ""webp""}"
"8c57f2b0-fc1b-47be-bca1-0c3ae8a23012","26df08fa-290d-47ff-b067-9503e8652925","how-much-grape-juice-per-day-claurqclv00hddf1bdcpghoxp","{""size"": 255152, ""width"": 400, ""height"": 600}","{""defaultUrl"":""https://testback.invopos.co/v1/app/Media/getMedia/26df08fa-290d-47ff-b067-9503e8652925/8c57f2b0-fc1b-47be-bca1-0c3ae8a23012.webp""}","2023-08-15 06:49:41.236",NULL,"255152","{""fileType"": ""image"", ""extension"": ""webp""}"
"9aa6a661-251e-415e-9e87-0790cbca5195","26df08fa-290d-47ff-b067-9503e8652925","الصورة-الرئيسية-لوصفةمجبوس-اللحم-البحريني","{""size"": 313494, ""width"": 600, ""height"": 425}","{""defaultUrl"":""https://testback.invopos.co/v1/app/Media/getMedia/26df08fa-290d-47ff-b067-9503e8652925/9aa6a661-251e-415e-9e87-0790cbca5195.jpeg""}","2023-08-15 10:22:18.188",NULL,"313494","{""fileType"": ""image"", ""extension"": ""jpeg""}"
"411f95c1-f73e-4594-9ffa-c70260c2ba84","26df08fa-290d-47ff-b067-9503e8652925","61A95B7B-8E78-4864-B949-1CC8CFC3A940","{""size"": 272509, ""width"": 513, ""height"": 600}","{""defaultUrl"":""https://testback.invopos.co/v1/app/Media/getMedia/26df08fa-290d-47ff-b067-9503e8652925/411f95c1-f73e-4594-9ffa-c70260c2ba84.jpeg""}","2023-08-15 10:32:37.655",NULL,"272509","{""fileType"": ""image"", ""extension"": ""jpeg""}"
"4060971d-e4a8-4c45-b177-1f20c44530f6","26df08fa-290d-47ff-b067-9503e8652925","cdcf5c98b1378864b516e38cd188b91c_machboos_1500x700_944_531","{""size"": 335487, ""width"": 600, ""height"": 337}","{""defaultUrl"":""https://testback.invopos.co/v1/app/Media/getMedia/26df08fa-290d-47ff-b067-9503e8652925/4060971d-e4a8-4c45-b177-1f20c44530f6.jpeg""}","2023-08-15 10:32:50.882",NULL,"335487","{""fileType"": ""image"", ""extension"": ""jpeg""}"
"69768ba4-4b7a-4f07-8a0f-c91b2f94b5c6","26df08fa-290d-47ff-b067-9503e8652925","Swanson White","{""size"": 255488, ""width"": 600, ""height"": 600}","{""defaultUrl"":""https://testback.invopos.co/v1/app/Media/getMedia/26df08fa-290d-47ff-b067-9503e8652925/69768ba4-4b7a-4f07-8a0f-c91b2f94b5c6.jpeg""}","2023-08-17 11:35:09.079",NULL,"255488","{""fileType"": ""image"", ""extension"": ""jpeg""}"
"18bd85b5-ddda-44e3-aa00-2da2b0c96a1d","26df08fa-290d-47ff-b067-9503e8652925","Swanson WhiteCopy-1","{""size"": 255488, ""width"": 600, ""height"": 600}","{""defaultUrl"":""https://testback.invopos.co/v1/app/Media/getMedia/26df08fa-290d-47ff-b067-9503e8652925/18bd85b5-ddda-44e3-aa00-2da2b0c96a1d.jpeg""}","2023-08-17 11:38:45.741",NULL,"255488","{""fileType"": ""image"", ""extension"": ""jpeg""}"
"456e13f7-d431-46dc-a41f-434367b98b78","26df08fa-290d-47ff-b067-9503e8652925","Swanson WhiteCopy-2","{""size"": 255488, ""width"": 600, ""height"": 600}","{""defaultUrl"":""https://testback.invopos.co/v1/app/Media/getMedia/26df08fa-290d-47ff-b067-9503e8652925/456e13f7-d431-46dc-a41f-434367b98b78.jpeg""}","2023-08-17 11:41:31.672",NULL,"255488","{""fileType"": ""image"", ""extension"": ""jpeg""}"
"45ee6b92-3297-48c0-b6fa-a2ac67fa4d8d","26df08fa-290d-47ff-b067-9503e8652925","Swanson WhiteCopy-3","{""size"": 255488, ""width"": 600, ""height"": 600}","{""defaultUrl"":""https://testback.invopos.co/v1/app/Media/getMedia/26df08fa-290d-47ff-b067-9503e8652925/45ee6b92-3297-48c0-b6fa-a2ac67fa4d8d.jpeg""}","2023-08-17 11:42:39.32",NULL,"255488","{""fileType"": ""image"", ""extension"": ""jpeg""}"
"9f22f18c-8d70-4a8d-89cb-3eb5fce4497c","26df08fa-290d-47ff-b067-9503e8652925","yoders-bacon-01-1000x1000","{""size"": 215726, ""width"": 600, ""height"": 600}","{""defaultUrl"":""https://testback.invopos.co/v1/app/Media/getMedia/26df08fa-290d-47ff-b067-9503e8652925/9f22f18c-8d70-4a8d-89cb-3eb5fce4497c.jpeg""}","2023-08-17 11:50:29.512",NULL,"215726","{""fileType"": ""image"", ""extension"": ""jpeg""}"
"cc43ec3a-30b6-4a8e-86c2-f355d5f6b893","26df08fa-290d-47ff-b067-9503e8652925","yoders-bacon-01-1000x1000Copy-1","{""size"": 215726, ""width"": 600, ""height"": 600}","{""defaultUrl"":""https://testback.invopos.co/v1/app/Media/getMedia/26df08fa-290d-47ff-b067-9503e8652925/cc43ec3a-30b6-4a8e-86c2-f355d5f6b893.jpeg""}","2023-08-17 11:51:30.011",NULL,"215726","{""fileType"": ""image"", ""extension"": ""jpeg""}"
"d25dab37-7ea4-47b7-8e12-537a075daa8f","26df08fa-290d-47ff-b067-9503e8652925","104010603-makeit_craig_cooper_sardines_3_mezz","{""size"": 180027, ""width"": 600, ""height"": 337}","{""defaultUrl"":""https://testback.invopos.co/v1/app/Media/getMedia/26df08fa-290d-47ff-b067-9503e8652925/d25dab37-7ea4-47b7-8e12-537a075daa8f.jpeg""}","2023-08-17 11:56:08.693",NULL,"180027","{""fileType"": ""image"", ""extension"": ""jpeg""}"
"25bf32dd-494f-4732-8981-434b148a6887","26df08fa-290d-47ff-b067-9503e8652925","613H+b4bHEL","{""size"": 182685, ""width"": 600, ""height"": 600}","{""defaultUrl"":""https://testback.invopos.co/v1/app/Media/getMedia/26df08fa-290d-47ff-b067-9503e8652925/25bf32dd-494f-4732-8981-434b148a6887.jpeg""}","2023-08-17 11:57:17.058",NULL,"182685","{""fileType"": ""image"", ""extension"": ""jpeg""}"
"7637adca-fde8-4e53-8422-a43087963c36","26df08fa-290d-47ff-b067-9503e8652925","basmati-rice","{""size"": 256306, ""width"": 600, ""height"": 337}","{""defaultUrl"":""https://testback.invopos.co/v1/app/Media/getMedia/26df08fa-290d-47ff-b067-9503e8652925/7637adca-fde8-4e53-8422-a43087963c36.webp""}","2023-08-17 12:02:50.906",NULL,"256306","{""fileType"": ""image"", ""extension"": ""webp""}"
"edd9b009-6420-48ae-a8cc-69ae428c69ce","26df08fa-290d-47ff-b067-9503e8652925","Karami-1121-20-Kg","{""size"": 266659, ""width"": 600, ""height"": 600}","{""defaultUrl"":""https://testback.invopos.co/v1/app/Media/getMedia/26df08fa-290d-47ff-b067-9503e8652925/edd9b009-6420-48ae-a8cc-69ae428c69ce.jpeg""}","2023-08-17 12:08:48.451",NULL,"266659","{""fileType"": ""image"", ""extension"": ""jpeg""}"
"cd7a98a9-71ff-4f60-98a6-955395438e23","26df08fa-290d-47ff-b067-9503e8652925","rice-basmati-swan-5000g","{""size"": 199560, ""width"": 600, ""height"": 600}","{""defaultUrl"":""https://testback.invopos.co/v1/app/Media/getMedia/26df08fa-290d-47ff-b067-9503e8652925/cd7a98a9-71ff-4f60-98a6-955395438e23.jpeg""}","2023-08-17 12:18:27.972",NULL,"199560","{""fileType"": ""image"", ""extension"": ""jpeg""}"
"5c7d2219-a131-43fd-9d6c-4853133a9428","26df08fa-290d-47ff-b067-9503e8652925","6281007110402","{""size"": 122277, ""width"": 600, ""height"": 600}","{""defaultUrl"":""https://testback.invopos.co/v1/app/Media/getMedia/26df08fa-290d-47ff-b067-9503e8652925/5c7d2219-a131-43fd-9d6c-4853133a9428.jpeg""}","2023-08-17 12:24:33.645",NULL,"122277","{""fileType"": ""image"", ""extension"": ""jpeg""}"
"61f4d33d-1816-4fbb-a950-8d6d8c93756a","26df08fa-290d-47ff-b067-9503e8652925","6281007110402Copy-1","{""size"": 122277, ""width"": 600, ""height"": 600}","{""defaultUrl"":""https://testback.invopos.co/v1/app/Media/getMedia/26df08fa-290d-47ff-b067-9503e8652925/61f4d33d-1816-4fbb-a950-8d6d8c93756a.jpeg""}","2023-08-17 12:35:21.234",NULL,"122277","{""fileType"": ""image"", ""extension"": ""jpeg""}"
"cea05bde-6e0b-4169-bc3c-1d06a250d850","26df08fa-290d-47ff-b067-9503e8652925","c39e01447f0ab1fd3fe962093263b1a1-hi","{""size"": 93209, ""width"": 378, ""height"": 298}","{""defaultUrl"":""https://testback.invopos.co/v1/app/Media/getMedia/26df08fa-290d-47ff-b067-9503e8652925/cea05bde-6e0b-4169-bc3c-1d06a250d850.jpeg""}","2023-08-17 12:48:31.603",NULL,"93209","{""fileType"": ""image"", ""extension"": ""jpeg""}"
"33014cda-0df9-4dcb-b3ba-0e92c2df4b58","26df08fa-290d-47ff-b067-9503e8652925","58617-001","{""size"": 239519, ""width"": 600, ""height"": 600}","{""defaultUrl"":""https://testback.invopos.co/v1/app/Media/getMedia/26df08fa-290d-47ff-b067-9503e8652925/33014cda-0df9-4dcb-b3ba-0e92c2df4b58.avif""}","2023-08-20 05:27:35.122",NULL,"239519","{""fileType"": ""image"", ""extension"": ""avif""}"
"759e299c-b56d-4269-a286-9e244b87dd80","26df08fa-290d-47ff-b067-9503e8652925","l-intro-1673986196","{""size"": 298112, ""width"": 600, ""height"": 337}","{""defaultUrl"":""https://testback.invopos.co/v1/app/Media/getMedia/26df08fa-290d-47ff-b067-9503e8652925/759e299c-b56d-4269-a286-9e244b87dd80.jpeg""}","2023-08-20 05:32:54.832",NULL,"298112","{""fileType"": ""image"", ""extension"": ""jpeg""}"
"4ed92ffd-e562-4505-aaa8-4fd099abce31","26df08fa-290d-47ff-b067-9503e8652925","58617-001Copy-1","{""size"": 239519, ""width"": 600, ""height"": 600}","{""defaultUrl"":""https://testback.invopos.co/v1/app/Media/getMedia/26df08fa-290d-47ff-b067-9503e8652925/4ed92ffd-e562-4505-aaa8-4fd099abce31.avif""}","2023-08-20 05:33:16.663",NULL,"239519","{""fileType"": ""image"", ""extension"": ""avif""}"
"2a82d453-aeaa-4dee-a378-66d3c043ae6f","26df08fa-290d-47ff-b067-9503e8652925","6281007168205","{""size"": 183558, ""width"": 538, ""height"": 538}","{""defaultUrl"":""https://testback.invopos.co/v1/app/Media/getMedia/26df08fa-290d-47ff-b067-9503e8652925/2a82d453-aeaa-4dee-a378-66d3c043ae6f.jpeg""}","2023-08-20 05:41:20.086",NULL,"183558","{""fileType"": ""image"", ""extension"": ""jpeg""}"
"3a6636e9-3e3e-4295-9b04-9435b9fac341","26df08fa-290d-47ff-b067-9503e8652925","6281007168205Copy-1","{""size"": 183558, ""width"": 538, ""height"": 538}","{""defaultUrl"":""https://testback.invopos.co/v1/app/Media/getMedia/26df08fa-290d-47ff-b067-9503e8652925/3a6636e9-3e3e-4295-9b04-9435b9fac341.jpeg""}","2023-08-20 05:49:56.898",NULL,"183558","{""fileType"": ""image"", ""extension"": ""jpeg""}"
"0c0b396b-efb2-4e51-96f1-957be35ee30d","26df08fa-290d-47ff-b067-9503e8652925","6281007168205Copy-2","{""size"": 183558, ""width"": 538, ""height"": 538}","{""defaultUrl"":""https://testback.invopos.co/v1/app/Media/getMedia/26df08fa-290d-47ff-b067-9503e8652925/0c0b396b-efb2-4e51-96f1-957be35ee30d.jpeg""}","2023-08-20 05:52:29.858",NULL,"183558","{""fileType"": ""image"", ""extension"": ""jpeg""}"
"9842a0e3-492b-4b97-ac74-2c3305a8b15c","26df08fa-290d-47ff-b067-9503e8652925","EIjNk4WcpPcjKcX47OurMkLYsFmxv5SfQ3G78qI8","{""size"": 125963, ""width"": 600, ""height"": 531}","{""defaultUrl"":""https://testback.invopos.co/v1/app/Media/getMedia/26df08fa-290d-47ff-b067-9503e8652925/9842a0e3-492b-4b97-ac74-2c3305a8b15c.jpeg""}","2023-08-20 06:01:52.496",NULL,"125963","{""fileType"": ""image"", ""extension"": ""jpeg""}"
"9855d09d-22f4-4c04-a319-1696ba3e53c5","26df08fa-290d-47ff-b067-9503e8652925","UAE_6281007026956","{""size"": 187406, ""width"": 520, ""height"": 432}","{""defaultUrl"":""https://testback.invopos.co/v1/app/Media/getMedia/26df08fa-290d-47ff-b067-9503e8652925/9855d09d-22f4-4c04-a319-1696ba3e53c5.webp""}","2023-08-20 09:09:46.038",NULL,"187406","{""fileType"": ""image"", ""extension"": ""webp""}"
"26b22213-e735-4200-8116-94e5f629d9c9","26df08fa-290d-47ff-b067-9503e8652925","UAE_6281007026956Copy-1","{""size"": 187406, ""width"": 520, ""height"": 432}","{""defaultUrl"":""https://testback.invopos.co/v1/app/Media/getMedia/26df08fa-290d-47ff-b067-9503e8652925/26b22213-e735-4200-8116-94e5f629d9c9.webp""}","2023-08-20 09:12:21.877",NULL,"187406","{""fileType"": ""image"", ""extension"": ""webp""}"
"a1ec1d78-c3a9-4d10-977e-ba77b5f0a6f4","26df08fa-290d-47ff-b067-9503e8652925","غوزي دجاج","{""size"": 460509, ""width"": 600, ""height"": 450}","{""defaultUrl"":""https://testback.invopos.co/v1/app/Media/getMedia/26df08fa-290d-47ff-b067-9503e8652925/a1ec1d78-c3a9-4d10-977e-ba77b5f0a6f4.jpeg""}","2023-08-29 05:45:30.537",NULL,"460509","{""fileType"": ""image"", ""extension"": ""jpeg""}"
"85cc9c8e-9b6b-4986-a668-4fcc6318e884","26df08fa-290d-47ff-b067-9503e8652925","غوزي بحريني","{""size"": 374476, ""width"": 423, ""height"": 600}","{""defaultUrl"":""https://testback.invopos.co/v1/app/Media/getMedia/26df08fa-290d-47ff-b067-9503e8652925/85cc9c8e-9b6b-4986-a668-4fcc6318e884.jpeg""}","2023-08-29 05:49:42.415",NULL,"374476","{""fileType"": ""image"", ""extension"": ""jpeg""}"
"c23a3382-93f1-411d-90d3-b32b3fd0f358","26df08fa-290d-47ff-b067-9503e8652925","مدفون","{""size"": 127073, ""width"": 600, ""height"": 216}","{""defaultUrl"":""https://testback.invopos.co/v1/app/Media/getMedia/26df08fa-290d-47ff-b067-9503e8652925/c23a3382-93f1-411d-90d3-b32b3fd0f358.jpeg""}","2023-08-29 05:52:25.725",NULL,"127073","{""fileType"": ""image"", ""extension"": ""jpeg""}"
"696fff94-a480-4f1c-9ebc-aa59a0eca664","26df08fa-290d-47ff-b067-9503e8652925","غوزي دجاجCopy-1","{""size"": 460509, ""width"": 600, ""height"": 450}","{""defaultUrl"":""https://testback.invopos.co/v1/app/Media/getMedia/26df08fa-290d-47ff-b067-9503e8652925/696fff94-a480-4f1c-9ebc-aa59a0eca664.jpeg""}","2023-08-29 06:01:27.327",NULL,"460509","{""fileType"": ""image"", ""extension"": ""jpeg""}"
"2f16358a-f1c5-4068-a1b6-921454bf6e38","26df08fa-290d-47ff-b067-9503e8652925","مدفون لحم","{""size"": 292074, ""width"": 600, ""height"": 315}","{""defaultUrl"":""https://testback.invopos.co/v1/app/Media/getMedia/26df08fa-290d-47ff-b067-9503e8652925/2f16358a-f1c5-4068-a1b6-921454bf6e38.jpeg""}","2023-08-29 06:05:45.217",NULL,"292074","{""fileType"": ""image"", ""extension"": ""jpeg""}"
"ccbe5e05-2a4f-43a2-a239-e24c36109a78","26df08fa-290d-47ff-b067-9503e8652925","مندي لحم حطب","{""size"": 317362, ""width"": 399, ""height"": 600}","{""defaultUrl"":""https://testback.invopos.co/v1/app/Media/getMedia/26df08fa-290d-47ff-b067-9503e8652925/ccbe5e05-2a4f-43a2-a239-e24c36109a78.jpeg""}","2023-08-29 06:09:06.071",NULL,"317362","{""fileType"": ""image"", ""extension"": ""jpeg""}"
"352bc116-3573-441a-8ba8-5f3f0745a650","26df08fa-290d-47ff-b067-9503e8652925","مندي دجاج خ","{""size"": 463324, ""width"": 600, ""height"": 400}","{""defaultUrl"":""https://testback.invopos.co/v1/app/Media/getMedia/26df08fa-290d-47ff-b067-9503e8652925/352bc116-3573-441a-8ba8-5f3f0745a650.webp""}","2023-08-29 06:14:05.681",NULL,"463324","{""fileType"": ""image"", ""extension"": ""webp""}"
"202cc3f1-61ad-428c-835f-bbdf269557d3","26df08fa-290d-47ff-b067-9503e8652925","مندي دجاجCopy-1","{""size"": 389675, ""width"": 600, ""height"": 400}","{""defaultUrl"":""https://testback.invopos.co/v1/app/Media/getMedia/26df08fa-290d-47ff-b067-9503e8652925/202cc3f1-61ad-428c-835f-bbdf269557d3.jpeg""}","2023-08-29 06:25:16.311",NULL,"389675","{""fileType"": ""image"", ""extension"": ""jpeg""}"
"dd8e2e7e-2c12-4a8c-98c5-ea7d9146425f","26df08fa-290d-47ff-b067-9503e8652925","بخاري لحم","{""size"": 286282, ""width"": 600, ""height"": 376}","{""defaultUrl"":""https://testback.invopos.co/v1/app/Media/getMedia/26df08fa-290d-47ff-b067-9503e8652925/dd8e2e7e-2c12-4a8c-98c5-ea7d9146425f.jpeg""}","2023-08-29 06:38:50.395",NULL,"286282","{""fileType"": ""image"", ""extension"": ""jpeg""}"
"39d13842-885f-494c-a68d-41d9c7f46421","26df08fa-290d-47ff-b067-9503e8652925","بخاري دجاج","{""size"": 386152, ""width"": 600, ""height"": 315}","{""defaultUrl"":""https://testback.invopos.co/v1/app/Media/getMedia/26df08fa-290d-47ff-b067-9503e8652925/39d13842-885f-494c-a68d-41d9c7f46421.webp""}","2023-08-29 06:40:41.318",NULL,"386152","{""fileType"": ""image"", ""extension"": ""webp""}"
"2cab4a24-d56c-4116-b7c5-84c88a224c60","26df08fa-290d-47ff-b067-9503e8652925","DG3m9vrXsAAQmNp","{""size"": 357423, ""width"": 337, ""height"": 600}","{""defaultUrl"":""https://testback.invopos.co/v1/app/Media/getMedia/26df08fa-290d-47ff-b067-9503e8652925/2cab4a24-d56c-4116-b7c5-84c88a224c60.jpeg""}","2023-08-29 06:48:35.512",NULL,"357423","{""fileType"": ""image"", ""extension"": ""jpeg""}"
"01920600-34c0-4ad0-9487-8c8c007ca149","26df08fa-290d-47ff-b067-9503e8652925","بشاور دجاج","{""size"": 481824, ""width"": 600, ""height"": 450}","{""defaultUrl"":""https://testback.invopos.co/v1/app/Media/getMedia/26df08fa-290d-47ff-b067-9503e8652925/01920600-34c0-4ad0-9487-8c8c007ca149.jpeg""}","2023-08-29 06:55:48.184",NULL,"481824","{""fileType"": ""image"", ""extension"": ""jpeg""}"
"5086f2c9-a71c-4b92-b4f5-889f4e871012","26df08fa-290d-47ff-b067-9503e8652925","برياني دجاج","{""size"": 157453, ""width"": 375, ""height"": 511}","{""defaultUrl"":""https://testback.invopos.co/v1/app/Media/getMedia/26df08fa-290d-47ff-b067-9503e8652925/5086f2c9-a71c-4b92-b4f5-889f4e871012.jpeg""}","2023-08-29 07:04:08.127",NULL,"157453","{""fileType"": ""image"", ""extension"": ""jpeg""}"
"2f3c454b-7794-4b78-9ec1-173d4a7876dc","26df08fa-290d-47ff-b067-9503e8652925","146cc42286b27bcd6d2ed2f4476fed4b3e43d47b-180121161218","{""size"": 320232, ""width"": 400, ""height"": 600}","{""defaultUrl"":""https://testback.invopos.co/v1/app/Media/getMedia/26df08fa-290d-47ff-b067-9503e8652925/2f3c454b-7794-4b78-9ec1-173d4a7876dc.jpeg""}","2023-08-29 07:06:43.405",NULL,"320232","{""fileType"": ""image"", ""extension"": ""jpeg""}"
"8b524a4c-d33c-4345-9131-73eec3bf33d0","26df08fa-290d-47ff-b067-9503e8652925","tikka","{""size"": 263944, ""width"": 600, ""height"": 344}","{""defaultUrl"":""https://testback.invopos.co/v1/app/Media/getMedia/26df08fa-290d-47ff-b067-9503e8652925/8b524a4c-d33c-4345-9131-73eec3bf33d0.jpeg""}","2023-08-29 07:53:34.124",NULL,"263944","{""fileType"": ""image"", ""extension"": ""jpeg""}"
"01ad8bb1-5111-4296-8369-5d2142605f00","26df08fa-290d-47ff-b067-9503e8652925","20211212_Talabat_Bahrain_DarAbuAlkhairRestaurant_Arabic_ChickenTikka_JanineDoporto","{""size"": 344192, ""width"": 400, ""height"": 300}","{""defaultUrl"":""https://testback.invopos.co/v1/app/Media/getMedia/26df08fa-290d-47ff-b067-9503e8652925/01ad8bb1-5111-4296-8369-5d2142605f00.png""}","2023-08-29 07:57:24.195",NULL,"344192","{""fileType"": ""image"", ""extension"": ""png""}"
"203d5424-3a4f-45c1-a6a8-a93ef12c23ac","26df08fa-290d-47ff-b067-9503e8652925","نص_كيلو_تكة_بالروب_لحم638118811588083737","{""size"": 11896, ""width"": 600, ""height"": 400}","{""defaultUrl"":""https://testback.invopos.co/v1/app/Media/getMedia/26df08fa-290d-47ff-b067-9503e8652925/203d5424-3a4f-45c1-a6a8-a93ef12c23ac.jpeg""}","2023-08-29 07:58:45.158",NULL,"11896","{""fileType"": ""image"", ""extension"": ""jpeg""}"
"164fe3f6-d5c7-427a-af84-240b9f4dd12a","26df08fa-290d-47ff-b067-9503e8652925","نص_كيلو_تكة_بالروب_دجاج638118812432735757","{""size"": 14327, ""width"": 600, ""height"": 427}","{""defaultUrl"":""https://testback.invopos.co/v1/app/Media/getMedia/26df08fa-290d-47ff-b067-9503e8652925/164fe3f6-d5c7-427a-af84-240b9f4dd12a.jpeg""}","2023-08-29 08:01:59.797",NULL,"14327","{""fileType"": ""image"", ""extension"": ""jpeg""}"
"aa877a18-2ba6-481c-9d81-c26debbec2f0","26df08fa-290d-47ff-b067-9503e8652925","نص_كيلو_كباب_لحم638118811908559679","{""size"": 12507, ""width"": 600, ""height"": 400}","{""defaultUrl"":""https://testback.invopos.co/v1/app/Media/getMedia/26df08fa-290d-47ff-b067-9503e8652925/aa877a18-2ba6-481c-9d81-c26debbec2f0.jpeg""}","2023-08-29 08:04:49.472",NULL,"12507","{""fileType"": ""image"", ""extension"": ""jpeg""}"
"c877170c-985f-4dbe-8eea-066eb327c531","26df08fa-290d-47ff-b067-9503e8652925","01Copy-1","{""size"": 345305, ""width"": 600, ""height"": 399}","{""defaultUrl"":""https://testback.invopos.co/v1/app/Media/getMedia/26df08fa-290d-47ff-b067-9503e8652925/c877170c-985f-4dbe-8eea-066eb327c531.jpeg""}","2023-08-29 08:12:49.429",NULL,"345305","{""fileType"": ""image"", ""extension"": ""jpeg""}"
"db8c2d4a-3677-4924-97b8-8116a224065e","26df08fa-290d-47ff-b067-9503e8652925","مشكل_بحريني__637580598537634986","{""size"": 415133, ""width"": 600, ""height"": 450}","{""defaultUrl"":""https://testback.invopos.co/v1/app/Media/getMedia/26df08fa-290d-47ff-b067-9503e8652925/db8c2d4a-3677-4924-97b8-8116a224065e.jpeg""}","2023-08-29 09:21:38.908",NULL,"415133","{""fileType"": ""image"", ""extension"": ""jpeg""}"
"b3d3d0af-0515-4453-882b-810bb01d1be9","26df08fa-290d-47ff-b067-9503e8652925","شيش طاووق","{""size"": 467006, ""width"": 480, ""height"": 600}","{""defaultUrl"":""https://testback.invopos.co/v1/app/Media/getMedia/26df08fa-290d-47ff-b067-9503e8652925/b3d3d0af-0515-4453-882b-810bb01d1be9.webp""}","2023-08-29 09:34:20.326",NULL,"467006","{""fileType"": ""image"", ""extension"": ""webp""}"
"ab92f709-a73d-434d-acaa-566c79321c5a","26df08fa-290d-47ff-b067-9503e8652925","ريش الخروف تندوري","{""size"": 341801, ""width"": 600, ""height"": 400}","{""defaultUrl"":""https://testback.invopos.co/v1/app/Media/getMedia/26df08fa-290d-47ff-b067-9503e8652925/ab92f709-a73d-434d-acaa-566c79321c5a.jpeg""}","2023-08-29 09:35:53.289",NULL,"341801","{""fileType"": ""image"", ""extension"": ""jpeg""}"
"8aa992e0-b1e7-4ed1-bb84-6540f61b81ef","26df08fa-290d-47ff-b067-9503e8652925","رقبة مشوية","{""size"": 340556, ""width"": 400, ""height"": 600}","{""defaultUrl"":""https://testback.invopos.co/v1/app/Media/getMedia/26df08fa-290d-47ff-b067-9503e8652925/8aa992e0-b1e7-4ed1-bb84-6540f61b81ef.jpeg""}","2023-08-29 09:37:05.276",NULL,"340556","{""fileType"": ""image"", ""extension"": ""jpeg""}"
"a6ddde07-3d23-4609-bcd9-314f0b50c32c","26df08fa-290d-47ff-b067-9503e8652925","كبدة_مشوية","{""size"": 215472, ""width"": 600, ""height"": 285}","{""defaultUrl"":""https://testback.invopos.co/v1/app/Media/getMedia/26df08fa-290d-47ff-b067-9503e8652925/a6ddde07-3d23-4609-bcd9-314f0b50c32c.jpeg""}","2023-08-29 09:39:03.933",NULL,"215472","{""fileType"": ""image"", ""extension"": ""jpeg""}"
"9dd3a45f-90ee-4ed9-9c9c-9a07577142dc","26df08fa-290d-47ff-b067-9503e8652925","ربيان مشوي","{""size"": 350824, ""width"": 600, ""height"": 397}","{""defaultUrl"":""https://testback.invopos.co/v1/app/Media/getMedia/26df08fa-290d-47ff-b067-9503e8652925/9dd3a45f-90ee-4ed9-9c9c-9a07577142dc.jpeg""}","2023-08-29 09:55:25.456",NULL,"350824","{""fileType"": ""image"", ""extension"": ""jpeg""}"
"20164d80-6ae8-4634-8d83-530f3560dc77","26df08fa-290d-47ff-b067-9503e8652925","f4dd06616700c8a35cda336664339134_w750_h750","{""size"": 480074, ""width"": 600, ""height"": 600}","{""defaultUrl"":""https://testback.invopos.co/v1/app/Media/getMedia/26df08fa-290d-47ff-b067-9503e8652925/20164d80-6ae8-4634-8d83-530f3560dc77.jpeg""}","2023-08-29 09:58:34.016",NULL,"480074","{""fileType"": ""image"", ""extension"": ""jpeg""}"
"b77b5627-f20a-4748-8624-3de8736b2cc2","26df08fa-290d-47ff-b067-9503e8652925","أسهل_طريقة_لعمل_ستيك_اللحم","{""size"": 193020, ""width"": 600, ""height"": 285}","{""defaultUrl"":""https://testback.invopos.co/v1/app/Media/getMedia/26df08fa-290d-47ff-b067-9503e8652925/b77b5627-f20a-4748-8624-3de8736b2cc2.jpeg""}","2023-08-29 10:00:36.299",NULL,"193020","{""fileType"": ""image"", ""extension"": ""jpeg""}"
"50f9fd25-f646-45be-90c9-696f3b851e0f","26df08fa-290d-47ff-b067-9503e8652925","دجاجة مشوية","{""size"": 380276, ""width"": 600, ""height"": 400}","{""defaultUrl"":""https://testback.invopos.co/v1/app/Media/getMedia/26df08fa-290d-47ff-b067-9503e8652925/50f9fd25-f646-45be-90c9-696f3b851e0f.jpeg""}","2023-08-29 10:02:00.97",NULL,"380276","{""fileType"": ""image"", ""extension"": ""jpeg""}"
"a31bdd80-0a6c-4345-92ab-e4c6f42ddb58","26df08fa-290d-47ff-b067-9503e8652925","sakuraco_wagyu-beef-thumbnail","{""size"": 522227, ""width"": 600, ""height"": 400}","{""defaultUrl"":""https://testback.invopos.co/v1/app/Media/getMedia/26df08fa-290d-47ff-b067-9503e8652925/a31bdd80-0a6c-4345-92ab-e4c6f42ddb58.png""}","2023-08-29 10:43:59.793",NULL,"522227","{""fileType"": ""image"", ""extension"": ""png""}"
"f1980651-499e-45e7-8be9-134fa2463763","26df08fa-290d-47ff-b067-9503e8652925","wagyu-tbone-steak-sliced-683x1024","{""size"": 345766, ""width"": 400, ""height"": 600}","{""defaultUrl"":""https://testback.invopos.co/v1/app/Media/getMedia/26df08fa-290d-47ff-b067-9503e8652925/f1980651-499e-45e7-8be9-134fa2463763.jpeg""}","2023-08-29 10:44:48.199",NULL,"345766","{""fileType"": ""image"", ""extension"": ""jpeg""}"
"284d8b19-c6f5-4fcd-bff4-5670a8b00bcc","26df08fa-290d-47ff-b067-9503e8652925","Chicken-Thigh-Marinade-Recipe","{""size"": 362046, ""width"": 400, ""height"": 600}","{""defaultUrl"":""https://testback.invopos.co/v1/app/Media/getMedia/26df08fa-290d-47ff-b067-9503e8652925/284d8b19-c6f5-4fcd-bff4-5670a8b00bcc.jpeg""}","2023-08-29 10:50:56.081",NULL,"362046","{""fileType"": ""image"", ""extension"": ""jpeg""}"
"32810a4c-4aec-42db-919c-cfa8a9d127c5","26df08fa-290d-47ff-b067-9503e8652925","how-to-grill-chicken-wings-5-1-scaled","{""size"": 68414, ""width"": 498, ""height"": 600}","{""defaultUrl"":""https://testback.invopos.co/v1/app/Media/getMedia/26df08fa-290d-47ff-b067-9503e8652925/32810a4c-4aec-42db-919c-cfa8a9d127c5.jpeg""}","2023-08-29 10:55:21.719",NULL,"68414","{""fileType"": ""image"", ""extension"": ""jpeg""}"
"a3a4b575-4b52-4739-9e72-9379d85dabd7","26df08fa-290d-47ff-b067-9503e8652925","smoked-chicken-wings","{""size"": 81020, ""width"": 600, ""height"": 600}","{""defaultUrl"":""https://testback.invopos.co/v1/app/Media/getMedia/26df08fa-290d-47ff-b067-9503e8652925/a3a4b575-4b52-4739-9e72-9379d85dabd7.webp""}","2023-08-29 10:58:49.932",NULL,"81020","{""fileType"": ""image"", ""extension"": ""webp""}"
"d9407683-74d7-4ae5-923f-618489ac1886","26df08fa-290d-47ff-b067-9503e8652925","Lamb-Ribs-Oven-1","{""size"": 375390, ""width"": 400, ""height"": 600}","{""defaultUrl"":""https://testback.invopos.co/v1/app/Media/getMedia/26df08fa-290d-47ff-b067-9503e8652925/d9407683-74d7-4ae5-923f-618489ac1886.jpeg""}","2023-08-29 11:02:21.898",NULL,"375390","{""fileType"": ""image"", ""extension"": ""jpeg""}"
"bf73f91a-1608-479d-aafe-831a30a75b03","26df08fa-290d-47ff-b067-9503e8652925","lamb-ribs-46","{""size"": 360965, ""width"": 600, ""height"": 400}","{""defaultUrl"":""https://testback.invopos.co/v1/app/Media/getMedia/26df08fa-290d-47ff-b067-9503e8652925/bf73f91a-1608-479d-aafe-831a30a75b03.jpeg""}","2023-08-29 11:08:11.573",NULL,"360965","{""fileType"": ""image"", ""extension"": ""jpeg""}"
"fa99f6e3-bfdb-4166-a56f-0a3aa81999fe","26df08fa-290d-47ff-b067-9503e8652925","12-Hour-Greek-Slow-Roasted-Lamb-Shoulder_4-copy","{""size"": 535828, ""width"": 600, ""height"": 600}","{""defaultUrl"":""https://testback.invopos.co/v1/app/Media/getMedia/26df08fa-290d-47ff-b067-9503e8652925/fa99f6e3-bfdb-4166-a56f-0a3aa81999fe.webp""}","2023-08-29 11:15:21.711",NULL,"535828","{""fileType"": ""image"", ""extension"": ""webp""}"
"20b99793-541f-4783-b89c-2de6f670a9e7","26df08fa-290d-47ff-b067-9503e8652925","How-to-Bake-Chicken-Breast-6-500x500-c","{""size"": 241620, ""width"": 500, ""height"": 500}","{""defaultUrl"":""https://testback.invopos.co/v1/app/Media/getMedia/26df08fa-290d-47ff-b067-9503e8652925/20b99793-541f-4783-b89c-2de6f670a9e7.jpeg""}","2023-08-29 11:28:24.754",NULL,"241620","{""fileType"": ""image"", ""extension"": ""jpeg""}"
"8317ab05-7cbd-415a-b94d-0f8f66e7cb58","26df08fa-290d-47ff-b067-9503e8652925","charcoal-grilled-australian","{""size"": 114542, ""width"": 300, ""height"": 450}","{""defaultUrl"":""https://testback.invopos.co/v1/app/Media/getMedia/26df08fa-290d-47ff-b067-9503e8652925/8317ab05-7cbd-415a-b94d-0f8f66e7cb58.jpeg""}","2023-08-29 11:41:33.177",NULL,"114542","{""fileType"": ""image"", ""extension"": ""jpeg""}"
"a2871135-52f9-47a0-b894-3832b1839cdd","26df08fa-290d-47ff-b067-9503e8652925","download","{""size"": 54151, ""width"": 183, ""height"": 275}","{""defaultUrl"":""https://testback.invopos.co/v1/app/Media/getMedia/26df08fa-290d-47ff-b067-9503e8652925/a2871135-52f9-47a0-b894-3832b1839cdd.jpeg""}","2023-08-29 11:51:28.44",NULL,"54151","{""fileType"": ""image"", ""extension"": ""jpeg""}"
"257090e0-f22f-4b97-9bb5-6839574706df","26df08fa-290d-47ff-b067-9503e8652925","SausageMixedGrill","{""size"": 405311, ""width"": 428, ""height"": 600}","{""defaultUrl"":""https://testback.invopos.co/v1/app/Media/getMedia/26df08fa-290d-47ff-b067-9503e8652925/257090e0-f22f-4b97-9bb5-6839574706df.jpeg""}","2023-08-29 12:30:49.386",NULL,"405311","{""fileType"": ""image"", ""extension"": ""jpeg""}"
"58f71d92-4e31-426f-aeee-c93f5f47813e","26df08fa-290d-47ff-b067-9503e8652925","grilled-vegetables-3-1200","{""size"": 306342, ""width"": 400, ""height"": 600}","{""defaultUrl"":""https://testback.invopos.co/v1/app/Media/getMedia/26df08fa-290d-47ff-b067-9503e8652925/58f71d92-4e31-426f-aeee-c93f5f47813e.jpeg""}","2023-08-29 12:37:12.098",NULL,"306342","{""fileType"": ""image"", ""extension"": ""jpeg""}"
"9df4fa03-3615-42f8-a489-a5b90191b75d","26df08fa-290d-47ff-b067-9503e8652925","merlin_158756298_c6995819-97c6-4b86-bfc2-c20d2ea80c09-videoSixteenByNineJumbo1600","{""size"": 367199, ""width"": 600, ""height"": 337}","{""defaultUrl"":""https://testback.invopos.co/v1/app/Media/getMedia/26df08fa-290d-47ff-b067-9503e8652925/9df4fa03-3615-42f8-a489-a5b90191b75d.jpeg""}","2023-08-29 12:40:44.662",NULL,"367199","{""fileType"": ""image"", ""extension"": ""jpeg""}"
"19742011-94d8-4f48-8e1e-af7dfbb7603d","26df08fa-290d-47ff-b067-9503e8652925","HD-201006-r-sausage-mixed-grill-564fb793dc1049caaae3a0c8d093abbb","{""size"": 517902, ""width"": 550, ""height"": 550}","{""defaultUrl"":""https://testback.invopos.co/v1/app/Media/getMedia/26df08fa-290d-47ff-b067-9503e8652925/19742011-94d8-4f48-8e1e-af7dfbb7603d.webp""}","2023-08-29 12:42:45.226",NULL,"517902","{""fileType"": ""image"", ""extension"": ""webp""}"
"c2502be0-e1a1-4a0f-a264-c2f486b6ce55","26df08fa-290d-47ff-b067-9503e8652925","rib-eye_steak_with_61963_16x9","{""size"": 239308, ""width"": 600, ""height"": 337}","{""defaultUrl"":""https://testback.invopos.co/v1/app/Media/getMedia/26df08fa-290d-47ff-b067-9503e8652925/c2502be0-e1a1-4a0f-a264-c2f486b6ce55.jpeg""}","2023-08-29 12:48:51.616",NULL,"239308","{""fileType"": ""image"", ""extension"": ""jpeg""}"
"94ba4809-0eb5-494f-be48-96eea961a0c3","26df08fa-290d-47ff-b067-9503e8652925","honey-lemonade-3-650x937","{""size"": 186271, ""width"": 416, ""height"": 600}","{""defaultUrl"":""https://testback.invopos.co/v1/app/Media/getMedia/26df08fa-290d-47ff-b067-9503e8652925/94ba4809-0eb5-494f-be48-96eea961a0c3.jpeg""}","2023-08-30 05:15:58.074",NULL,"186271","{""fileType"": ""image"", ""extension"": ""jpeg""}"
"cae1b169-3f58-4454-91bd-e9fcc37db6e3","26df08fa-290d-47ff-b067-9503e8652925","iYbYuHuo26","{""size"": 126766, ""width"": 600, ""height"": 600}","{""defaultUrl"":""https://testback.invopos.co/v1/app/Media/getMedia/26df08fa-290d-47ff-b067-9503e8652925/cae1b169-3f58-4454-91bd-e9fcc37db6e3.webp""}","2023-08-30 05:16:08.606",NULL,"126766","{""fileType"": ""image"", ""extension"": ""webp""}"
"5d6cf123-b976-4189-9f03-26d60c2370a6","26df08fa-290d-47ff-b067-9503e8652925","istockphoto-152971676-612x612","{""size"": 118365, ""width"": 464, ""height"": 600}","{""defaultUrl"":""https://testback.invopos.co/v1/app/Media/getMedia/26df08fa-290d-47ff-b067-9503e8652925/5d6cf123-b976-4189-9f03-26d60c2370a6.jpeg""}","2023-08-30 05:26:05.706",NULL,"118365","{""fileType"": ""image"", ""extension"": ""jpeg""}"
"c0fd3d96-5923-4019-98a9-5e1fb600576d","26df08fa-290d-47ff-b067-9503e8652925","imagesCopy-1","{""size"": 25875, ""width"": 183, ""height"": 275}","{""defaultUrl"":""https://testback.invopos.co/v1/app/Media/getMedia/26df08fa-290d-47ff-b067-9503e8652925/c0fd3d96-5923-4019-98a9-5e1fb600576d.jpeg""}","2023-08-30 05:56:32.945",NULL,"25875","{""fileType"": ""image"", ""extension"": ""jpeg""}"
"b67176fc-a7b6-4c63-997e-3022fbdb966a","26df08fa-290d-47ff-b067-9503e8652925","pineapple-mimosas-photo-540x720","{""size"": 225555, ""width"": 450, ""height"": 600}","{""defaultUrl"":""https://testback.invopos.co/v1/app/Media/getMedia/26df08fa-290d-47ff-b067-9503e8652925/b67176fc-a7b6-4c63-997e-3022fbdb966a.jpeg""}","2023-08-30 05:58:19.31",NULL,"225555","{""fileType"": ""image"", ""extension"": ""jpeg""}"
"3243b77a-6181-4927-8455-069a94e08138","26df08fa-290d-47ff-b067-9503e8652925","Watermelon-Juice-blog-4","{""size"": 242677, ""width"": 450, ""height"": 600}","{""defaultUrl"":""https://testback.invopos.co/v1/app/Media/getMedia/26df08fa-290d-47ff-b067-9503e8652925/3243b77a-6181-4927-8455-069a94e08138.jpeg""}","2023-08-30 06:02:37.067",NULL,"242677","{""fileType"": ""image"", ""extension"": ""jpeg""}"
"d1ed050b-ebd5-483e-b141-55647f0dc1ca","26df08fa-290d-47ff-b067-9503e8652925","imagesCopy-2","{""size"": 25875, ""width"": 183, ""height"": 275}","{""defaultUrl"":""https://testback.invopos.co/v1/app/Media/getMedia/26df08fa-290d-47ff-b067-9503e8652925/d1ed050b-ebd5-483e-b141-55647f0dc1ca.jpeg""}","2023-08-30 06:08:44.933",NULL,"25875","{""fileType"": ""image"", ""extension"": ""jpeg""}"
"b205098f-45a2-4487-9beb-9f0687cb4de9","26df08fa-290d-47ff-b067-9503e8652925","pineapple-mimosas-photo-540x720Copy-1","{""size"": 225555, ""width"": 450, ""height"": 600}","{""defaultUrl"":""https://testback.invopos.co/v1/app/Media/getMedia/26df08fa-290d-47ff-b067-9503e8652925/b205098f-45a2-4487-9beb-9f0687cb4de9.jpeg""}","2023-08-30 06:09:38.245",NULL,"225555","{""fileType"": ""image"", ""extension"": ""jpeg""}"
"de57d59c-16a0-4b00-82f5-d23d032929cc","26df08fa-290d-47ff-b067-9503e8652925","papaya-agua-fresca-3","{""size"": 160259, ""width"": 400, ""height"": 600}","{""defaultUrl"":""https://testback.invopos.co/v1/app/Media/getMedia/26df08fa-290d-47ff-b067-9503e8652925/de57d59c-16a0-4b00-82f5-d23d032929cc.jpeg""}","2023-08-30 06:11:24.473",NULL,"160259","{""fileType"": ""image"", ""extension"": ""jpeg""}"
"18d13ec4-ba97-4350-8b9a-3dd6f0c2a2f3","26df08fa-290d-47ff-b067-9503e8652925","popular-screwdriver-variations-759820-hero-01-6f67f02622a54bbb8aeabd7eb65bb3a0","{""size"": 207117, ""width"": 600, ""height"": 400}","{""defaultUrl"":""https://testback.invopos.co/v1/app/Media/getMedia/26df08fa-290d-47ff-b067-9503e8652925/18d13ec4-ba97-4350-8b9a-3dd6f0c2a2f3.jpeg""}","2023-08-30 06:12:12.148",NULL,"207117","{""fileType"": ""image"", ""extension"": ""jpeg""}"
"d874fe06-ceb7-4463-8a22-e7ad04e563b0","26df08fa-290d-47ff-b067-9503e8652925","Kiwi-juice-featured","{""size"": 167912, ""width"": 600, ""height"": 600}","{""defaultUrl"":""https://testback.invopos.co/v1/app/Media/getMedia/26df08fa-290d-47ff-b067-9503e8652925/d874fe06-ceb7-4463-8a22-e7ad04e563b0.jpeg""}","2023-08-30 06:13:30.48",NULL,"167912","{""fileType"": ""image"", ""extension"": ""jpeg""}"
"535f9f3e-88f2-4d48-816b-f27b790748fb","26df08fa-290d-47ff-b067-9503e8652925","Peach_juice","{""size"": 72435, ""width"": 600, ""height"": 600}","{""defaultUrl"":""https://testback.invopos.co/v1/app/Media/getMedia/26df08fa-290d-47ff-b067-9503e8652925/535f9f3e-88f2-4d48-816b-f27b790748fb.png""}","2023-08-30 06:25:36.536",NULL,"72435","{""fileType"": ""image"", ""extension"": ""png""}"
